Received by learning locker;;;;;;;;Send by external device;;;;;;;;;
Date;Hour;Min;Sec.Miliseconds(Formated);Seconds;Miliseconds;;;Hour:Min:sec:ms;Hours;Min;Sec;Miliseconds;;;;;Miliseconds difference
10/12/2021;13;6;39.337Z;39;337;;;14:6:39:191;14;6;39;191;;;;;146
10/12/2021;13;6;39.219Z;39;219;;;14:6:39:74;14;6;39;74;;;;;145
10/12/2021;13;6;39.101Z;39;101;;;14:6:38:954;14;6;38;954;;;;;147
10/12/2021;13;6;38.983Z;38;983;;;14:6:38:836;14;6;38;836;;;;;147
10/12/2021;13;6;38.864Z;38;864;;;14:6:38:718;14;6;38;718;;;;;146
10/12/2021;13;6;38.746Z;38;746;;;14:6:38:599;14;6;38;599;;;;;147
10/12/2021;13;6;38.627Z;38;627;;;14:6:38:481;14;6;38;481;;;;;146
10/12/2021;13;6;38.509Z;38;509;;;14:6:38:363;14;6;38;363;;;;;146
10/12/2021;13;6;38.392Z;38;392;;;14:6:38:246;14;6;38;246;;;;;146
10/12/2021;13;6;38.274Z;38;274;;;14:6:38:128;14;6;38;128;;;;;146
10/12/2021;13;6;38.156Z;38;156;;;14:6:38:11;14;6;38;11;;;;;145
10/12/2021;13;6;38.039Z;38;39;;;14:6:37:893;14;6;37;893;;;;;146
10/12/2021;13;6;37.921Z;37;921;;;14:6:37:775;14;6;37;775;;;;;146
10/12/2021;13;6;37.803Z;37;803;;;14:6:37:657;14;6;37;657;;;;;146
10/12/2021;13;6;37.685Z;37;685;;;14:6:37:539;14;6;37;539;;;;;146
10/12/2021;13;6;37.567Z;37;567;;;14:6:37:421;14;6;37;421;;;;;146
10/12/2021;13;6;37.449Z;37;449;;;14:6:37:303;14;6;37;303;;;;;146
10/12/2021;13;6;37.330Z;37;330;;;14:6:37:185;14;6;37;185;;;;;145
10/12/2021;13;6;37.213Z;37;213;;;14:6:37:66;14;6;37;66;;;;;147
10/12/2021;13;6;37.087Z;37;87;;;14:6:36:941;14;6;36;941;;;;;146
10/12/2021;13;6;36.970Z;36;970;;;14:6:36:825;14;6;36;825;;;;;145
10/12/2021;13;6;36.853Z;36;853;;;14:6:36:707;14;6;36;707;;;;;146
10/12/2021;13;6;36.732Z;36;732;;;14:6:36:585;14;6;36;585;;;;;147
10/12/2021;13;6;36.613Z;36;613;;;14:6:36:467;14;6;36;467;;;;;146
10/12/2021;13;6;36.495Z;36;495;;;14:6:36:350;14;6;36;350;;;;;145
10/12/2021;13;6;36.378Z;36;378;;;14:6:36:232;14;6;36;232;;;;;146
10/12/2021;13;6;36.260Z;36;260;;;14:6:36:114;14;6;36;114;;;;;146
10/12/2021;13;6;36.141Z;36;141;;;14:6:35:995;14;6;35;995;;;;;146
10/12/2021;13;6;36.023Z;36;23;;;14:6:35:877;14;6;35;877;;;;;146
10/12/2021;13;6;35.905Z;35;905;;;14:6:35:763;14;6;35;763;;;;;142
10/12/2021;13;6;35.791Z;35;791;;;14:6:35:645;14;6;35;645;;;;;146
10/12/2021;13;6;35.673Z;35;673;;;14:6:35:526;14;6;35;526;;;;;147
10/12/2021;13;6;35.555Z;35;555;;;14:6:35:408;14;6;35;408;;;;;147
10/12/2021;13;6;35.436Z;35;436;;;14:6:35:278;14;6;35;278;;;;;158
10/12/2021;13;6;35.304Z;35;304;;;14:6:35:157;14;6;35;157;;;;;147
10/12/2021;13;6;35.185Z;35;185;;;14:6:35:40;14;6;35;40;;;;;145
10/12/2021;13;6;35.068Z;35;68;;;14:6:34:922;14;6;34;922;;;;;146
10/12/2021;13;6;34.950Z;34;950;;;14:6:34:804;14;6;34;804;;;;;146
10/12/2021;13;6;34.832Z;34;832;;;14:6:34:686;14;6;34;686;;;;;146
10/12/2021;13;6;34.714Z;34;714;;;14:6:34:568;14;6;34;568;;;;;146
10/12/2021;13;6;34.596Z;34;596;;;14:6:34:449;14;6;34;449;;;;;147
10/12/2021;13;6;34.478Z;34;478;;;14:6:34:332;14;6;34;332;;;;;146
10/12/2021;13;6;34.360Z;34;360;;;14:6:34:214;14;6;34;214;;;;;146
10/12/2021;13;6;34.243Z;34;243;;;14:6:34:96;14;6;34;96;;;;;147
10/12/2021;13;6;34.125Z;34;125;;;14:6:33:981;14;6;33;981;;;;;144
10/12/2021;13;6;34.008Z;34;8;;;14:6:33:863;14;6;33;863;;;;;145
10/12/2021;13;6;33.891Z;33;891;;;14:6:33:745;14;6;33;745;;;;;146
10/12/2021;13;6;33.773Z;33;773;;;14:6:33:627;14;6;33;627;;;;;146
10/12/2021;13;6;33.655Z;33;655;;;14:6:33:508;14;6;33;508;;;;;147
10/12/2021;13;6;33.536Z;33;536;;;14:6:33:303;14;6;33;303;;;;;233
10/12/2021;13;6;33.331Z;33;331;;;14:6:33:185;14;6;33;185;;;;;146
10/12/2021;13;6;33.213Z;33;213;;;14:6:33:68;14;6;33;68;;;;;145
10/12/2021;13;6;33.094Z;33;94;;;14:6:32:949;14;6;32;949;;;;;145
10/12/2021;13;6;32.977Z;32;977;;;14:6:32:832;14;6;32;832;;;;;145
10/12/2021;13;6;32.860Z;32;860;;;14:6:32:715;14;6;32;715;;;;;145
10/12/2021;13;6;32.742Z;32;742;;;14:6:32:597;14;6;32;597;;;;;145
10/12/2021;13;6;32.625Z;32;625;;;14:6:32:479;14;6;32;479;;;;;146
10/12/2021;13;6;32.507Z;32;507;;;14:6:32:362;14;6;32;362;;;;;145
10/12/2021;13;6;32.391Z;32;391;;;14:6:32:245;14;6;32;245;;;;;146
10/12/2021;13;6;32.272Z;32;272;;;14:6:32:132;14;6;32;132;;;;;140
10/12/2021;13;6;32.159Z;32;159;;;14:6:32:13;14;6;32;13;;;;;146
10/12/2021;13;6;32.041Z;32;41;;;14:6:31:896;14;6;31;896;;;;;145
10/12/2021;13;6;31.925Z;31;925;;;14:6:31:780;14;6;31;780;;;;;145
10/12/2021;13;6;31.809Z;31;809;;;14:6:31:665;14;6;31;665;;;;;144
10/12/2021;13;6;31.693Z;31;693;;;14:6:31:548;14;6;31;548;;;;;145
10/12/2021;13;6;31.576Z;31;576;;;14:6:31:431;14;6;31;431;;;;;145
10/12/2021;13;6;31.459Z;31;459;;;14:6:31:313;14;6;31;313;;;;;146
10/12/2021;13;6;31.341Z;31;341;;;14:6:31:195;14;6;31;195;;;;;146
10/12/2021;13;6;31.223Z;31;223;;;14:6:31:78;14;6;31;78;;;;;145
10/12/2021;13;6;31.106Z;31;106;;;14:6:30:960;14;6;30;960;;;;;146
10/12/2021;13;6;30.988Z;30;988;;;14:6:30:843;14;6;30;843;;;;;145
10/12/2021;13;6;30.869Z;30;869;;;14:6:30:724;14;6;30;724;;;;;145
10/12/2021;13;6;30.751Z;30;751;;;14:6:30:610;14;6;30;610;;;;;141
10/12/2021;13;6;30.632Z;30;632;;;14:6:30:489;14;6;30;489;;;;;143
10/12/2021;13;6;30.515Z;30;515;;;14:6:30:378;14;6;30;378;;;;;137
10/12/2021;13;6;30.409Z;30;409;;;14:6:30:268;14;6;30;268;;;;;141
10/12/2021;13;6;30.298Z;30;298;;;14:6:30:157;14;6;30;157;;;;;141
10/12/2021;13;6;30.185Z;30;185;;;14:6:30:39;14;6;30;39;;;;;146
10/12/2021;13;6;30.067Z;30;67;;;14:6:29:922;14;6;29;922;;;;;145
10/12/2021;13;6;29.950Z;29;950;;;14:6:29:805;14;6;29;805;;;;;145
10/12/2021;13;6;29.833Z;29;833;;;14:6:29:695;14;6;29;695;;;;;138
10/12/2021;13;6;29.726Z;29;726;;;14:6:29:581;14;6;29;581;;;;;145
10/12/2021;13;6;29.609Z;29;609;;;14:6:29:463;14;6;29;463;;;;;146
10/12/2021;13;6;29.491Z;29;491;;;14:6:29:345;14;6;29;345;;;;;146
10/12/2021;13;6;29.373Z;29;373;;;14:6:29:228;14;6;29;228;;;;;145
10/12/2021;13;6;29.256Z;29;256;;;14:6:29:116;14;6;29;116;;;;;140
10/12/2021;13;6;29.146Z;29;146;;;14:6:28:988;14;6;28;988;;;;;158
10/12/2021;13;6;29.016Z;29;16;;;14:6:28:871;14;6;28;871;;;;;145
10/12/2021;13;6;28.899Z;28;899;;;14:6:28:758;14;6;28;758;;;;;141
10/12/2021;13;6;28.791Z;28;791;;;14:6:28:648;14;6;28;648;;;;;143
10/12/2021;13;6;28.680Z;28;680;;;14:6:28:532;14;6;28;532;;;;;148
10/12/2021;13;6;28.560Z;28;560;;;14:6:28:423;14;6;28;423;;;;;137
10/12/2021;13;6;28.455Z;28;455;;;14:6:28:314;14;6;28;314;;;;;141
10/12/2021;13;6;28.345Z;28;345;;;14:6:28:199;14;6;28;199;;;;;146
10/12/2021;13;6;28.227Z;28;227;;;14:6:28:91;14;6;28;91;;;;;136
10/12/2021;13;6;28.092Z;28;92;;;14:6:27:951;14;6;27;951;;;;;141
10/12/2021;13;6;27.979Z;27;979;;;14:6:27:833;14;6;27;833;;;;;146
10/12/2021;13;6;27.860Z;27;860;;;14:6:27:723;14;6;27;723;;;;;137
10/12/2021;13;6;27.754Z;27;754;;;14:6:27:613;14;6;27;613;;;;;141
10/12/2021;13;6;27.641Z;27;641;;;14:6:27:412;14;6;27;412;;;;;229
10/12/2021;13;6;27.443Z;27;443;;;14:6:27:298;14;6;27;298;;;;;145
10/12/2021;13;6;27.325Z;27;325;;;14:6:27:181;14;6;27;181;;;;;144
10/12/2021;13;6;27.214Z;27;214;;;14:6:27:70;14;6;27;70;;;;;144
10/12/2021;13;6;27.098Z;27;98;;;14:6:26:954;14;6;26;954;;;;;144
10/12/2021;13;6;26.982Z;26;982;;;14:6:26:840;14;6;26;840;;;;;142
10/12/2021;13;6;26.862Z;26;862;;;14:6:26:717;14;6;26;717;;;;;145
10/12/2021;13;6;26.745Z;26;745;;;14:6:26:600;14;6;26;600;;;;;145
10/12/2021;13;6;26.628Z;26;628;;;14:6:26:482;14;6;26;482;;;;;146
10/12/2021;13;6;26.510Z;26;510;;;14:6:26:365;14;6;26;365;;;;;145
10/12/2021;13;6;26.393Z;26;393;;;14:6:26:248;14;6;26;248;;;;;145
10/12/2021;13;6;26.276Z;26;276;;;14:6:26:130;14;6;26;130;;;;;146
10/12/2021;13;6;26.158Z;26;158;;;14:6:26:12;14;6;26;12;;;;;146
10/12/2021;13;6;26.040Z;26;40;;;14:6:25:897;14;6;25;897;;;;;143
10/12/2021;13;6;25.927Z;25;927;;;14:6:25:786;14;6;25;786;;;;;141
10/12/2021;13;6;25.813Z;25;813;;;14:6:25:666;14;6;25;666;;;;;147
10/12/2021;13;6;25.694Z;25;694;;;14:6:25:547;14;6;25;547;;;;;147
10/12/2021;13;6;25.574Z;25;574;;;14:6:25:431;14;6;25;431;;;;;143
10/12/2021;13;6;25.459Z;25;459;;;14:6:25:321;14;6;25;321;;;;;138
10/12/2021;13;6;25.350Z;25;350;;;14:6:25:203;14;6;25;203;;;;;147
10/12/2021;13;6;25.230Z;25;230;;;14:6:25:89;14;6;25;89;;;;;141
10/12/2021;13;6;25.115Z;25;115;;;14:6:24:974;14;6;24;974;;;;;141
10/12/2021;13;6;25.002Z;25;2;;;14:6:24:851;14;6;24;851;;;;;151
10/12/2021;13;6;24.883Z;24;883;;;14:6:24:737;14;6;24;737;;;;;146
10/12/2021;13;6;24.765Z;24;765;;;14:6:24:615;14;6;24;615;;;;;150
10/12/2021;13;6;24.643Z;24;643;;;14:6:24:498;14;6;24;498;;;;;145
10/12/2021;13;6;24.526Z;24;526;;;14:6:24:381;14;6;24;381;;;;;145
10/12/2021;13;6;24.409Z;24;409;;;14:6:24:266;14;6;24;266;;;;;143
10/12/2021;13;6;24.293Z;24;293;;;14:6:24:148;14;6;24;148;;;;;145
10/12/2021;13;6;24.176Z;24;176;;;14:6:24:31;14;6;24;31;;;;;145
10/12/2021;13;6;24.057Z;24;57;;;14:6:23:912;14;6;23;912;;;;;145
10/12/2021;13;6;23.939Z;23;939;;;14:6:23:793;14;6;23;793;;;;;146
10/12/2021;13;6;23.821Z;23;821;;;14:6:23:677;14;6;23;677;;;;;144
10/12/2021;13;6;23.705Z;23;705;;;14:6:23:559;14;6;23;559;;;;;146
10/12/2021;13;6;23.587Z;23;587;;;14:6:23:439;14;6;23;439;;;;;148
10/12/2021;13;6;23.467Z;23;467;;;14:6:23:326;14;6;23;326;;;;;141
10/12/2021;13;6;23.349Z;23;349;;;14:6:23:204;14;6;23;204;;;;;145
10/12/2021;13;6;23.232Z;23;232;;;14:6:23:87;14;6;23;87;;;;;145
10/12/2021;13;6;23.115Z;23;115;;;14:6:22:968;14;6;22;968;;;;;147
10/12/2021;13;6;22.995Z;22;995;;;14:6:22:850;14;6;22;850;;;;;145
10/12/2021;13;6;22.878Z;22;878;;;14:6:22:733;14;6;22;733;;;;;145
10/12/2021;13;6;22.761Z;22;761;;;14:6:22:614;14;6;22;614;;;;;147
10/12/2021;13;6;22.641Z;22;641;;;14:6:22:495;14;6;22;495;;;;;146
10/12/2021;13;6;22.523Z;22;523;;;14:6:22:377;14;6;22;377;;;;;146
10/12/2021;13;6;22.405Z;22;405;;;14:6:22:261;14;6;22;261;;;;;144
10/12/2021;13;6;22.289Z;22;289;;;14:6:22:144;14;6;22;144;;;;;145
10/12/2021;13;6;22.172Z;22;172;;;14:6:22:27;14;6;22;27;;;;;145
10/12/2021;13;6;22.055Z;22;55;;;14:6:21:910;14;6;21;910;;;;;145
10/12/2021;13;6;21.937Z;21;937;;;14:6:21:793;14;6;21;793;;;;;144
10/12/2021;13;6;21.821Z;21;821;;;14:6:21:672;14;6;21;672;;;;;149
10/12/2021;13;6;21.701Z;21;701;;;14:6:21:470;14;6;21;470;;;;;231
10/12/2021;13;6;21.498Z;21;498;;;14:6:21:353;14;6;21;353;;;;;145
10/12/2021;13;6;21.381Z;21;381;;;14:6:21:233;14;6;21;233;;;;;148
10/12/2021;13;6;21.262Z;21;262;;;14:6:21:111;14;6;21;111;;;;;151
10/12/2021;13;6;21.141Z;21;141;;;14:6:21:2;14;6;21;2;;;;;139
10/12/2021;13;6;21.031Z;21;31;;;14:6:20:885;14;6;20;885;;;;;146
10/12/2021;13;6;20.914Z;20;914;;;14:6:20:769;14;6;20;769;;;;;145
10/12/2021;13;6;20.797Z;20;797;;;14:6:20:652;14;6;20;652;;;;;145
10/12/2021;13;6;20.680Z;20;680;;;14:6:20:534;14;6;20;534;;;;;146
10/12/2021;13;6;20.563Z;20;563;;;14:6:20:418;14;6;20;418;;;;;145
10/12/2021;13;6;20.446Z;20;446;;;14:6:20:301;14;6;20;301;;;;;145
10/12/2021;13;6;20.330Z;20;330;;;14:6:20:185;14;6;20;185;;;;;145
10/12/2021;13;6;20.213Z;20;213;;;14:6:20:68;14;6;20;68;;;;;145
10/12/2021;13;6;20.097Z;20;97;;;14:6:19:952;14;6;19;952;;;;;145
10/12/2021;13;6;19.981Z;19;981;;;14:6:19:835;14;6;19;835;;;;;146
10/12/2021;13;6;19.864Z;19;864;;;14:6:19:723;14;6;19;723;;;;;141
10/12/2021;13;6;19.751Z;19;751;;;14:6:19:605;14;6;19;605;;;;;146
10/12/2021;13;6;19.634Z;19;634;;;14:6:19:489;14;6;19;489;;;;;145
10/12/2021;13;6;19.517Z;19;517;;;14:6:19:371;14;6;19;371;;;;;146
10/12/2021;13;6;19.400Z;19;400;;;14:6:19:252;14;6;19;252;;;;;148
10/12/2021;13;6;19.280Z;19;280;;;14:6:19:136;14;6;19;136;;;;;144
10/12/2021;13;6;19.162Z;19;162;;;14:6:19:16;14;6;19;16;;;;;146
10/12/2021;13;6;19.045Z;19;45;;;14:6:18:891;14;6;18;891;;;;;154
10/12/2021;13;6;18.920Z;18;920;;;14:6:18:775;14;6;18;775;;;;;145
10/12/2021;13;6;18.803Z;18;803;;;14:6:18:659;14;6;18;659;;;;;144
10/12/2021;13;6;18.687Z;18;687;;;14:6:18:542;14;6;18;542;;;;;145
10/12/2021;13;6;18.569Z;18;569;;;14:6:18:424;14;6;18;424;;;;;145
10/12/2021;13;6;18.452Z;18;452;;;14:6:18:302;14;6;18;302;;;;;150
10/12/2021;13;6;18.325Z;18;325;;;14:6:18:180;14;6;18;180;;;;;145
10/12/2021;13;6;18.208Z;18;208;;;14:6:18:62;14;6;18;62;;;;;146
10/12/2021;13;6;18.070Z;18;70;;;14:6:17:929;14;6;17;929;;;;;141
10/12/2021;13;6;17.957Z;17;957;;;14:6:17:811;14;6;17;811;;;;;146
10/12/2021;13;6;17.840Z;17;840;;;14:6:17:695;14;6;17;695;;;;;145
10/12/2021;13;6;17.722Z;17;722;;;14:6:17:579;14;6;17;579;;;;;143
10/12/2021;13;6;17.608Z;17;608;;;14:6:17:469;14;6;17;469;;;;;139
10/12/2021;13;6;17.493Z;17;493;;;14:6:17:353;14;6;17;353;;;;;140
10/12/2021;13;6;17.382Z;17;382;;;14:6:17:239;14;6;17;239;;;;;143
10/12/2021;13;6;17.265Z;17;265;;;14:6:17:124;14;6;17;124;;;;;141
10/12/2021;13;6;17.155Z;17;155;;;14:6:17:9;14;6;17;9;;;;;146
10/12/2021;13;6;17.034Z;17;34;;;14:6:16:890;14;6;16;890;;;;;144
10/12/2021;13;6;16.917Z;16;917;;;14:6:16:772;14;6;16;772;;;;;145
10/12/2021;13;6;16.800Z;16;800;;;14:6:16:655;14;6;16;655;;;;;145
10/12/2021;13;6;16.681Z;16;681;;;14:6:16:540;14;6;16;540;;;;;141
10/12/2021;13;6;16.564Z;16;564;;;14:6:16:418;14;6;16;418;;;;;146
10/12/2021;13;6;16.445Z;16;445;;;14:6:16:302;14;6;16;302;;;;;143
10/12/2021;13;6;16.333Z;16;333;;;14:6:16:195;14;6;16;195;;;;;138
10/12/2021;13;6;16.225Z;16;225;;;14:6:16:83;14;6;16;83;;;;;142
10/12/2021;13;6;16.111Z;16;111;;;14:6:15:966;14;6;15;966;;;;;145
10/12/2021;13;6;15.992Z;15;992;;;14:6:15:840;14;6;15;840;;;;;152
10/12/2021;13;6;15.868Z;15;868;;;14:6:15:723;14;6;15;723;;;;;145
10/12/2021;13;6;15.746Z;15;746;;;14:6:15:511;14;6;15;511;;;;;235
10/12/2021;13;6;15.539Z;15;539;;;14:6:15:394;14;6;15;394;;;;;145
10/12/2021;13;6;15.423Z;15;423;;;14:6:15:278;14;6;15;278;;;;;145
10/12/2021;13;6;15.306Z;15;306;;;14:6:15:165;14;6;15;165;;;;;141
10/12/2021;13;6;15.194Z;15;194;;;14:6:15:54;14;6;15;54;;;;;140
10/12/2021;13;6;15.083Z;15;83;;;14:6:14:941;14;6;14;941;;;;;142
10/12/2021;13;6;14.968Z;14;968;;;14:6:14:830;14;6;14;830;;;;;138
10/12/2021;13;6;14.857Z;14;857;;;14:6:14:716;14;6;14;716;;;;;141
10/12/2021;13;6;14.745Z;14;745;;;14:6:14:601;14;6;14;601;;;;;144
10/12/2021;13;6;14.629Z;14;629;;;14:6:14:484;14;6;14;484;;;;;145
10/12/2021;13;6;14.512Z;14;512;;;14:6:14:373;14;6;14;373;;;;;139
10/12/2021;13;6;14.400Z;14;400;;;14:6:14:256;14;6;14;256;;;;;144
10/12/2021;13;6;14.284Z;14;284;;;14:6:14:143;14;6;14;143;;;;;141
10/12/2021;13;6;14.175Z;14;175;;;14:6:14:37;14;6;14;37;;;;;138
10/12/2021;13;6;14.069Z;14;69;;;14:6:13:929;14;6;13;929;;;;;140
10/12/2021;13;6;13.961Z;13;961;;;14:6:13:822;14;6;13;822;;;;;139
10/12/2021;13;6;13.847Z;13;847;;;14:6:13:699;14;6;13;699;;;;;148
10/12/2021;13;6;13.727Z;13;727;;;14:6:13:590;14;6;13;590;;;;;137
10/12/2021;13;6;13.620Z;13;620;;;14:6:13:477;14;6;13;477;;;;;143
10/12/2021;13;6;13.502Z;13;502;;;14:6:13:362;14;6;13;362;;;;;140
10/12/2021;13;6;13.394Z;13;394;;;14:6:13:249;14;6;13;249;;;;;145
10/12/2021;13;6;13.277Z;13;277;;;14:6:13:134;14;6;13;134;;;;;143
10/12/2021;13;6;13.162Z;13;162;;;14:6:13:17;14;6;13;17;;;;;145
10/12/2021;13;6;13.046Z;13;46;;;14:6:12:900;14;6;12;900;;;;;146
10/12/2021;13;6;12.928Z;12;928;;;14:6:12:784;14;6;12;784;;;;;144
10/12/2021;13;6;12.812Z;12;812;;;14:6:12:670;14;6;12;670;;;;;142
10/12/2021;13;6;12.698Z;12;698;;;14:6:12:554;14;6;12;554;;;;;144
10/12/2021;13;6;12.583Z;12;583;;;14:6:12:439;14;6;12;439;;;;;144
10/12/2021;13;6;12.467Z;12;467;;;14:6:12:322;14;6;12;322;;;;;145
10/12/2021;13;6;12.350Z;12;350;;;14:6:12:206;14;6;12;206;;;;;144
10/12/2021;13;6;12.234Z;12;234;;;14:6:12:89;14;6;12;89;;;;;145
10/12/2021;13;6;12.117Z;12;117;;;14:6:11:973;14;6;11;973;;;;;144
10/12/2021;13;6;12.000Z;12;0;;;14:6:11:856;14;6;11;856;;;;;144
10/12/2021;13;6;11.884Z;11;884;;;14:6:11:740;14;6;11;740;;;;;144
10/12/2021;13;6;11.769Z;11;769;;;14:6:11:624;14;6;11;624;;;;;145
10/12/2021;13;6;11.649Z;11;649;;;14:6:11:505;14;6;11;505;;;;;144
10/12/2021;13;6;11.532Z;11;532;;;14:6:11:386;14;6;11;386;;;;;146
10/12/2021;13;6;11.414Z;11;414;;;14:6:11:270;14;6;11;270;;;;;144
10/12/2021;13;6;11.298Z;11;298;;;14:6:11:153;14;6;11;153;;;;;145
10/12/2021;13;6;11.182Z;11;182;;;14:6:11:34;14;6;11;34;;;;;148
10/12/2021;13;6;11.061Z;11;61;;;14:6:10:921;14;6;10;921;;;;;140
10/12/2021;13;6;10.953Z;10;953;;;14:6:10:811;14;6;10;811;;;;;142
10/12/2021;13;6;10.842Z;10;842;;;14:6:10:698;14;6;10;698;;;;;144
10/12/2021;13;6;10.726Z;10;726;;;14:6:10:583;14;6;10;583;;;;;143
10/12/2021;13;6;10.616Z;10;616;;;14:6:10:470;14;6;10;470;;;;;146
10/12/2021;13;6;10.496Z;10;496;;;14:6:10:355;14;6;10;355;;;;;141
10/12/2021;13;6;10.382Z;10;382;;;14:6:10:230;14;6;10;230;;;;;152
10/12/2021;13;6;10.261Z;10;261;;;14:6:10:125;14;6;10;125;;;;;136
10/12/2021;13;6;10.157Z;10;157;;;14:6:10:10;14;6;10;10;;;;;147
10/12/2021;13;6;10.038Z;10;38;;;14:6:9:898;14;6;9;898;;;;;140
10/12/2021;13;6;09.930Z;9;930;;;14:6:9:697;14;6;9;697;;;;;233
10/12/2021;13;6;09.723Z;9;723;;;14:6:9:583;14;6;9;583;;;;;140
10/12/2021;13;6;09.612Z;9;612;;;14:6:9:466;14;6;9;466;;;;;146
10/12/2021;13;6;09.493Z;9;493;;;14:6:9:348;14;6;9;348;;;;;145
10/12/2021;13;6;09.377Z;9;377;;;14:6:9:232;14;6;9;232;;;;;145
10/12/2021;13;6;09.260Z;9;260;;;14:6:9:113;14;6;9;113;;;;;147
10/12/2021;13;6;09.140Z;9;140;;;14:6:8:995;14;6;8;995;;;;;145
10/12/2021;13;6;09.022Z;9;22;;;14:6:8:877;14;6;8;877;;;;;145
10/12/2021;13;6;08.906Z;8;906;;;14:6:8:761;14;6;8;761;;;;;145
10/12/2021;13;6;08.789Z;8;789;;;14:6:8:645;14;6;8;645;;;;;144
10/12/2021;13;6;08.673Z;8;673;;;14:6:8:528;14;6;8;528;;;;;145
10/12/2021;13;6;08.555Z;8;555;;;14:6:8:411;14;6;8;411;;;;;144
10/12/2021;13;6;08.437Z;8;437;;;14:6:8:292;14;6;8;292;;;;;145
10/12/2021;13;6;08.320Z;8;320;;;14:6:8:173;14;6;8;173;;;;;147
10/12/2021;13;6;08.201Z;8;201;;;14:6:8:56;14;6;8;56;;;;;145
10/12/2021;13;6;08.084Z;8;84;;;14:6:7:940;14;6;7;940;;;;;144
10/12/2021;13;6;07.968Z;7;968;;;14:6:7:823;14;6;7;823;;;;;145
10/12/2021;13;6;07.849Z;7;849;;;14:6:7:704;14;6;7;704;;;;;145
10/12/2021;13;6;07.733Z;7;733;;;14:6:7:588;14;6;7;588;;;;;145
10/12/2021;13;6;07.616Z;7;616;;;14:6:7:472;14;6;7;472;;;;;144
10/12/2021;13;6;07.499Z;7;499;;;14:6:7:354;14;6;7;354;;;;;145
10/12/2021;13;6;07.381Z;7;381;;;14:6:7:236;14;6;7;236;;;;;145
10/12/2021;13;6;07.265Z;7;265;;;14:6:7:121;14;6;7;121;;;;;144
10/12/2021;13;6;07.149Z;7;149;;;14:6:7:5;14;6;7;5;;;;;144
10/12/2021;13;6;07.033Z;7;33;;;14:6:6:889;14;6;6;889;;;;;144
10/12/2021;13;6;06.919Z;6;919;;;14:6:6:775;14;6;6;775;;;;;144
10/12/2021;13;6;06.804Z;6;804;;;14:6:6:652;14;6;6;652;;;;;152
10/12/2021;13;6;06.680Z;6;680;;;14:6:6:532;14;6;6;532;;;;;148
10/12/2021;13;6;06.560Z;6;560;;;14:6:6:415;14;6;6;415;;;;;145
10/12/2021;13;6;06.442Z;6;442;;;14:6:6:296;14;6;6;296;;;;;146
10/12/2021;13;6;06.325Z;6;325;;;14:6:6:180;14;6;6;180;;;;;145
10/12/2021;13;6;06.208Z;6;208;;;14:6:6:63;14;6;6;63;;;;;145
10/12/2021;13;6;06.092Z;6;92;;;14:6:5:946;14;6;5;946;;;;;146
10/12/2021;13;6;05.972Z;5;972;;;14:6:5:828;14;6;5;828;;;;;144
10/12/2021;13;6;05.856Z;5;856;;;14:6:5:712;14;6;5;712;;;;;144
10/12/2021;13;6;05.740Z;5;740;;;14:6:5:599;14;6;5;599;;;;;141
10/12/2021;13;6;05.626Z;5;626;;;14:6:5:481;14;6;5;481;;;;;145
10/12/2021;13;6;05.509Z;5;509;;;14:6:5:364;14;6;5;364;;;;;145
10/12/2021;13;6;05.392Z;5;392;;;14:6:5:247;14;6;5;247;;;;;145
10/12/2021;13;6;05.276Z;5;276;;;14:6:5:130;14;6;5;130;;;;;146
10/12/2021;13;6;05.158Z;5;158;;;14:6:5:17;14;6;5;17;;;;;141
10/12/2021;13;6;05.048Z;5;48;;;14:6:4:904;14;6;4;904;;;;;144
10/12/2021;13;6;04.934Z;4;934;;;14:6:4:791;14;6;4;791;;;;;143
10/12/2021;13;6;04.818Z;4;818;;;14:6:4:677;14;6;4;677;;;;;141
10/12/2021;13;6;04.708Z;4;708;;;14:6:4:564;14;6;4;564;;;;;144
10/12/2021;13;6;04.589Z;4;589;;;14:6:4:445;14;6;4;445;;;;;144
10/12/2021;13;6;04.473Z;4;473;;;14:6:4:328;14;6;4;328;;;;;145
10/12/2021;13;6;04.355Z;4;355;;;14:6:4:208;14;6;4;208;;;;;147
10/12/2021;13;6;04.236Z;4;236;;;14:6:4:97;14;6;4;97;;;;;139
10/12/2021;13;6;04.128Z;4;128;;;14:6:3:992;14;6;3;992;;;;;136
10/12/2021;13;6;04.023Z;4;23;;;14:6:3:792;14;6;3;792;;;;;231
10/12/2021;13;6;03.816Z;3;816;;;14:6:3:676;14;6;3;676;;;;;140
10/12/2021;13;6;03.707Z;3;707;;;14:6:3:561;14;6;3;561;;;;;146
10/12/2021;13;6;03.589Z;3;589;;;14:6:3:446;14;6;3;446;;;;;143
10/12/2021;13;6;03.474Z;3;474;;;14:6:3:330;14;6;3;330;;;;;144
10/12/2021;13;6;03.358Z;3;358;;;14:6:3:211;14;6;3;211;;;;;147
10/12/2021;13;6;03.239Z;3;239;;;14:6:3:96;14;6;3;96;;;;;143
10/12/2021;13;6;03.124Z;3;124;;;14:6:2:980;14;6;2;980;;;;;144
10/12/2021;13;6;03.008Z;3;8;;;14:6:2:862;14;6;2;862;;;;;146
10/12/2021;13;6;02.890Z;2;890;;;14:6:2:746;14;6;2;746;;;;;144
10/12/2021;13;6;02.774Z;2;774;;;14:6:2:630;14;6;2;630;;;;;144
10/12/2021;13;6;02.658Z;2;658;;;14:6:2:513;14;6;2;513;;;;;145
10/12/2021;13;6;02.539Z;2;539;;;14:6:2:391;14;6;2;391;;;;;148
10/12/2021;13;6;02.419Z;2;419;;;14:6:2:275;14;6;2;275;;;;;144
10/12/2021;13;6;02.304Z;2;304;;;14:6:2:159;14;6;2;159;;;;;145
10/12/2021;13;6;02.187Z;2;187;;;14:6:2:46;14;6;2;46;;;;;141
10/12/2021;13;6;02.073Z;2;73;;;14:6:1:928;14;6;1;928;;;;;145
10/12/2021;13;6;01.957Z;1;957;;;14:6:1:811;14;6;1;811;;;;;146
10/12/2021;13;6;01.836Z;1;836;;;14:6:1:691;14;6;1;691;;;;;145
10/12/2021;13;6;01.706Z;1;706;;;14:6:1:562;14;6;1;562;;;;;144
10/12/2021;13;6;01.591Z;1;591;;;14:6:1:446;14;6;1;446;;;;;145
10/12/2021;13;6;01.474Z;1;474;;;14:6:1:328;14;6;1;328;;;;;146
10/12/2021;13;6;01.357Z;1;357;;;14:6:1:213;14;6;1;213;;;;;144
10/12/2021;13;6;01.242Z;1;242;;;14:6:1:93;14;6;1;93;;;;;149
10/12/2021;13;6;01.122Z;1;122;;;14:6:0:978;14;6;0;978;;;;;144
10/12/2021;13;6;01.007Z;1;7;;;14:6:0:863;14;6;0;863;;;;;144
10/12/2021;13;6;00.892Z;0;892;;;14:6:0:748;14;6;0;748;;;;;144
10/12/2021;13;6;00.777Z;0;777;;;14:6:0:633;14;6;0;633;;;;;144
10/12/2021;13;6;00.662Z;0;662;;;14:6:0:518;14;6;0;518;;;;;144
10/12/2021;13;6;00.547Z;0;547;;;14:6:0:403;14;6;0;403;;;;;144
10/12/2021;13;6;00.432Z;0;432;;;14:6:0:289;14;6;0;289;;;;;143
10/12/2021;13;6;00.316Z;0;316;;;14:6:0:172;14;6;0;172;;;;;144
10/12/2021;13;6;00.200Z;0;200;;;14:6:0:56;14;6;0;56;;;;;144
10/12/2021;13;6;00.083Z;0;83;;;14:5:59:940;14;5;59;940;;;;;143
10/12/2021;13;5;59.968Z;59;968;;;14:5:59:824;14;5;59;824;;;;;144
10/12/2021;13;5;59.847Z;59;847;;;14:5:59:703;14;5;59;703;;;;;144
10/12/2021;13;5;59.731Z;59;731;;;14:5:59:587;14;5;59;587;;;;;144
10/12/2021;13;5;59.615Z;59;615;;;14:5:59:472;14;5;59;472;;;;;143
10/12/2021;13;5;59.500Z;59;500;;;14:5:59:356;14;5;59;356;;;;;144
10/12/2021;13;5;59.384Z;59;384;;;14:5:59:239;14;5;59;239;;;;;145
10/12/2021;13;5;59.267Z;59;267;;;14:5:59:123;14;5;59;123;;;;;144
10/12/2021;13;5;59.147Z;59;147;;;14:5:58:994;14;5;58;994;;;;;153
10/12/2021;13;5;59.022Z;59;22;;;14:5:58:877;14;5;58;877;;;;;145
10/12/2021;13;5;58.903Z;58;903;;;14:5:58:759;14;5;58;759;;;;;144
10/12/2021;13;5;58.786Z;58;786;;;14:5:58:642;14;5;58;642;;;;;144
10/12/2021;13;5;58.668Z;58;668;;;14:5:58:524;14;5;58;524;;;;;144
10/12/2021;13;5;58.550Z;58;550;;;14:5:58:406;14;5;58;406;;;;;144
10/12/2021;13;5;58.434Z;58;434;;;14:5:58:290;14;5;58;290;;;;;144
10/12/2021;13;5;58.318Z;58;318;;;14:5:58:162;14;5;58;162;;;;;156
10/12/2021;13;5;58.188Z;58;188;;;14:5:58:43;14;5;58;43;;;;;145
10/12/2021;13;5;58.070Z;58;70;;;14:5:57:840;14;5;57;840;;;;;230
10/12/2021;13;5;57.866Z;57;866;;;14:5:57:721;14;5;57;721;;;;;145
10/12/2021;13;5;57.750Z;57;750;;;14:5:57:605;14;5;57;605;;;;;145
10/12/2021;13;5;57.634Z;57;634;;;14:5:57:490;14;5;57;490;;;;;144
10/12/2021;13;5;57.516Z;57;516;;;14:5:57:371;14;5;57;371;;;;;145
10/12/2021;13;5;57.399Z;57;399;;;14:5:57:253;14;5;57;253;;;;;146
10/12/2021;13;5;57.279Z;57;279;;;14:5:57:135;14;5;57;135;;;;;144
10/12/2021;13;5;57.158Z;57;158;;;14:5:57:14;14;5;57;14;;;;;144
10/12/2021;13;5;57.040Z;57;40;;;14:5:56:896;14;5;56;896;;;;;144
10/12/2021;13;5;56.919Z;56;919;;;14:5:56:774;14;5;56;774;;;;;145
10/12/2021;13;5;56.801Z;56;801;;;14:5:56:661;14;5;56;661;;;;;140
10/12/2021;13;5;56.689Z;56;689;;;14:5:56:542;14;5;56;542;;;;;147
10/12/2021;13;5;56.569Z;56;569;;;14:5:56:425;14;5;56;425;;;;;144
10/12/2021;13;5;56.452Z;56;452;;;14:5:56:306;14;5;56;306;;;;;146
10/12/2021;13;5;56.332Z;56;332;;;14:5:56:188;14;5;56;188;;;;;144
10/12/2021;13;5;56.216Z;56;216;;;14:5:56:81;14;5;56;81;;;;;135
10/12/2021;13;5;56.112Z;56;112;;;14:5:55:967;14;5;55;967;;;;;145
10/12/2021;13;5;55.995Z;55;995;;;14:5:55:855;14;5;55;855;;;;;140
10/12/2021;13;5;55.882Z;55;882;;;14:5:55:737;14;5;55;737;;;;;145
10/12/2021;13;5;55.765Z;55;765;;;14:5:55:613;14;5;55;613;;;;;152
10/12/2021;13;5;55.640Z;55;640;;;14:5:55:495;14;5;55;495;;;;;145
10/12/2021;13;5;55.524Z;55;524;;;14:5:55:378;14;5;55;378;;;;;146
10/12/2021;13;5;55.407Z;55;407;;;14:5:55:263;14;5;55;263;;;;;144
10/12/2021;13;5;55.290Z;55;290;;;14:5:55:145;14;5;55;145;;;;;145
10/12/2021;13;5;55.174Z;55;174;;;14:5:55:29;14;5;55;29;;;;;145
10/12/2021;13;5;55.057Z;55;57;;;14:5:54:918;14;5;54;918;;;;;139
10/12/2021;13;5;54.944Z;54;944;;;14:5:54:800;14;5;54;800;;;;;144
10/12/2021;13;5;54.828Z;54;828;;;14:5:54:683;14;5;54;683;;;;;145
10/12/2021;13;5;54.712Z;54;712;;;14:5:54:566;14;5;54;566;;;;;146
10/12/2021;13;5;54.595Z;54;595;;;14:5:54:444;14;5;54;444;;;;;151
10/12/2021;13;5;54.472Z;54;472;;;14:5:54:329;14;5;54;329;;;;;143
10/12/2021;13;5;54.358Z;54;358;;;14:5:54:213;14;5;54;213;;;;;145
10/12/2021;13;5;54.240Z;54;240;;;14:5:54:96;14;5;54;96;;;;;144
10/12/2021;13;5;54.124Z;54;124;;;14:5:53:979;14;5;53;979;;;;;145
10/12/2021;13;5;54.008Z;54;8;;;14:5:53:863;14;5;53;863;;;;;145
10/12/2021;13;5;53.891Z;53;891;;;14:5:53:746;14;5;53;746;;;;;145
10/12/2021;13;5;53.774Z;53;774;;;14:5:53:628;14;5;53;628;;;;;146
10/12/2021;13;5;53.657Z;53;657;;;14:5:53:511;14;5;53;511;;;;;146
10/12/2021;13;5;53.539Z;53;539;;;14:5:53:398;14;5;53;398;;;;;141
10/12/2021;13;5;53.430Z;53;430;;;14:5:53:285;14;5;53;285;;;;;145
10/12/2021;13;5;53.313Z;53;313;;;14:5:53:170;14;5;53;170;;;;;143
10/12/2021;13;5;53.201Z;53;201;;;14:5:53:57;14;5;53;57;;;;;144
10/12/2021;13;5;53.085Z;53;85;;;14:5:52:941;14;5;52;941;;;;;144
10/12/2021;13;5;52.969Z;52;969;;;14:5:52:833;14;5;52;833;;;;;136
10/12/2021;13;5;52.865Z;52;865;;;14:5:52:722;14;5;52;722;;;;;143
10/12/2021;13;5;52.747Z;52;747;;;14:5:52:610;14;5;52;610;;;;;137
10/12/2021;13;5;52.642Z;52;642;;;14:5:52:501;14;5;52;501;;;;;141
10/12/2021;13;5;52.530Z;52;530;;;14:5:52:385;14;5;52;385;;;;;145
10/12/2021;13;5;52.410Z;52;410;;;14:5:52:266;14;5;52;266;;;;;144
10/12/2021;13;5;52.293Z;52;293;;;14:5:52:148;14;5;52;148;;;;;145
10/12/2021;13;5;52.175Z;52;175;;;14:5:51:910;14;5;51;910;;;;;265
10/12/2021;13;5;51.935Z;51;935;;;14:5:51:791;14;5;51;791;;;;;144
10/12/2021;13;5;51.817Z;51;817;;;14:5:51:673;14;5;51;673;;;;;144
10/12/2021;13;5;51.699Z;51;699;;;14:5:51:556;14;5;51;556;;;;;143
10/12/2021;13;5;51.582Z;51;582;;;14:5:51:438;14;5;51;438;;;;;144
10/12/2021;13;5;51.466Z;51;466;;;14:5:51:328;14;5;51;328;;;;;138
10/12/2021;13;5;51.354Z;51;354;;;14:5:51:205;14;5;51;205;;;;;149
10/12/2021;13;5;51.232Z;51;232;;;14:5:51:85;14;5;51;85;;;;;147
10/12/2021;13;5;51.112Z;51;112;;;14:5:50:967;14;5;50;967;;;;;145
10/12/2021;13;5;50.994Z;50;994;;;14:5:50:855;14;5;50;855;;;;;139
10/12/2021;13;5;50.886Z;50;886;;;14:5:50:742;14;5;50;742;;;;;144
10/12/2021;13;5;50.769Z;50;769;;;14:5:50:624;14;5;50;624;;;;;145
10/12/2021;13;5;50.652Z;50;652;;;14:5:50:507;14;5;50;507;;;;;145
10/12/2021;13;5;50.533Z;50;533;;;14:5:50:390;14;5;50;390;;;;;143
10/12/2021;13;5;50.416Z;50;416;;;14:5:50:272;14;5;50;272;;;;;144
10/12/2021;13;5;50.299Z;50;299;;;14:5:50:155;14;5;50;155;;;;;144
10/12/2021;13;5;50.183Z;50;183;;;14:5:50:39;14;5;50;39;;;;;144
10/12/2021;13;5;50.066Z;50;66;;;14:5:49:922;14;5;49;922;;;;;144
10/12/2021;13;5;49.949Z;49;949;;;14:5:49:805;14;5;49;805;;;;;144
10/12/2021;13;5;49.832Z;49;832;;;14:5:49:688;14;5;49;688;;;;;144
10/12/2021;13;5;49.713Z;49;713;;;14:5:49:570;14;5;49;570;;;;;143
10/12/2021;13;5;49.596Z;49;596;;;14:5:49:453;14;5;49;453;;;;;143
10/12/2021;13;5;49.480Z;49;480;;;14:5:49:333;14;5;49;333;;;;;147
10/12/2021;13;5;49.362Z;49;362;;;14:5:49:218;14;5;49;218;;;;;144
10/12/2021;13;5;49.244Z;49;244;;;14:5:49:100;14;5;49;100;;;;;144
10/12/2021;13;5;49.128Z;49;128;;;14:5:48:989;14;5;48;989;;;;;139
10/12/2021;13;5;49.020Z;49;20;;;14:5:48:882;14;5;48;882;;;;;138
10/12/2021;13;5;48.913Z;48;913;;;14:5:48:760;14;5;48;760;;;;;153
10/12/2021;13;5;48.787Z;48;787;;;14:5:48:644;14;5;48;644;;;;;143
10/12/2021;13;5;48.671Z;48;671;;;14:5:48:527;14;5;48;527;;;;;144
10/12/2021;13;5;48.555Z;48;555;;;14:5:48:411;14;5;48;411;;;;;144
10/12/2021;13;5;48.438Z;48;438;;;14:5:48:293;14;5;48;293;;;;;145
10/12/2021;13;5;48.321Z;48;321;;;14:5:48:177;14;5;48;177;;;;;144
10/12/2021;13;5;48.205Z;48;205;;;14:5:48:61;14;5;48;61;;;;;144
10/12/2021;13;5;48.088Z;48;88;;;14:5:47:946;14;5;47;946;;;;;142
10/12/2021;13;5;47.976Z;47;976;;;14:5:47:838;14;5;47;838;;;;;138
10/12/2021;13;5;47.865Z;47;865;;;14:5:47:721;14;5;47;721;;;;;144
10/12/2021;13;5;47.749Z;47;749;;;14:5:47:605;14;5;47;605;;;;;144
10/12/2021;13;5;47.624Z;47;624;;;14:5:47:438;14;5;47;438;;;;;186
10/12/2021;13;5;47.465Z;47;465;;;14:5:47:322;14;5;47;322;;;;;143
10/12/2021;13;5;47.349Z;47;349;;;14:5:47:210;14;5;47;210;;;;;139
10/12/2021;13;5;47.242Z;47;242;;;14:5:47:97;14;5;47;97;;;;;145
10/12/2021;13;5;47.126Z;47;126;;;14:5:46:986;14;5;46;986;;;;;140
10/12/2021;13;5;47.012Z;47;12;;;14:5:46:868;14;5;46;868;;;;;144
10/12/2021;13;5;46.896Z;46;896;;;14:5:46:752;14;5;46;752;;;;;144
10/12/2021;13;5;46.780Z;46;780;;;14:5:46:636;14;5;46;636;;;;;144
10/12/2021;13;5;46.664Z;46;664;;;14:5:46:529;14;5;46;529;;;;;135
10/12/2021;13;5;46.562Z;46;562;;;14:5:46:420;14;5;46;420;;;;;142
10/12/2021;13;5;46.447Z;46;447;;;14:5:46:304;14;5;46;304;;;;;143
10/12/2021;13;5;46.331Z;46;331;;;14:5:46:190;14;5;46;190;;;;;141
10/12/2021;13;5;46.216Z;46;216;;;14:5:45:986;14;5;45;986;;;;;230
10/12/2021;13;5;46.013Z;46;13;;;14:5:45:869;14;5;45;869;;;;;144
10/12/2021;13;5;45.896Z;45;896;;;14:5:45:752;14;5;45;752;;;;;144
10/12/2021;13;5;45.780Z;45;780;;;14:5:45:636;14;5;45;636;;;;;144
10/12/2021;13;5;45.664Z;45;664;;;14:5:45:520;14;5;45;520;;;;;144
10/12/2021;13;5;45.546Z;45;546;;;14:5:45:402;14;5;45;402;;;;;144
10/12/2021;13;5;45.428Z;45;428;;;14:5:45:284;14;5;45;284;;;;;144
10/12/2021;13;5;45.312Z;45;312;;;14:5:45:169;14;5;45;169;;;;;143
10/12/2021;13;5;45.197Z;45;197;;;14:5:45:37;14;5;45;37;;;;;160
10/12/2021;13;5;45.065Z;45;65;;;14:5:44:918;14;5;44;918;;;;;147
10/12/2021;13;5;44.943Z;44;943;;;14:5:44:799;14;5;44;799;;;;;144
10/12/2021;13;5;44.827Z;44;827;;;14:5:44:684;14;5;44;684;;;;;143
10/12/2021;13;5;44.710Z;44;710;;;14:5:44:567;14;5;44;567;;;;;143
10/12/2021;13;5;44.595Z;44;595;;;14:5:44:451;14;5;44;451;;;;;144
10/12/2021;13;5;44.478Z;44;478;;;14:5:44:333;14;5;44;333;;;;;145
10/12/2021;13;5;44.361Z;44;361;;;14:5:44:221;14;5;44;221;;;;;140
10/12/2021;13;5;44.246Z;44;246;;;14:5:44:102;14;5;44;102;;;;;144
10/12/2021;13;5;44.130Z;44;130;;;14:5:43:985;14;5;43;985;;;;;145
10/12/2021;13;5;44.013Z;44;13;;;14:5:43:869;14;5;43;869;;;;;144
10/12/2021;13;5;43.897Z;43;897;;;14:5:43:753;14;5;43;753;;;;;144
10/12/2021;13;5;43.781Z;43;781;;;14:5:43:637;14;5;43;637;;;;;144
10/12/2021;13;5;43.666Z;43;666;;;14:5:43:522;14;5;43;522;;;;;144
10/12/2021;13;5;43.549Z;43;549;;;14:5:43:405;14;5;43;405;;;;;144
10/12/2021;13;5;43.435Z;43;435;;;14:5:43:289;14;5;43;289;;;;;146
10/12/2021;13;5;43.318Z;43;318;;;14:5:43:174;14;5;43;174;;;;;144
10/12/2021;13;5;43.202Z;43;202;;;14:5:43:56;14;5;43;56;;;;;146
10/12/2021;13;5;43.084Z;43;84;;;14:5:42:941;14;5;42;941;;;;;143
10/12/2021;13;5;42.968Z;42;968;;;14:5:42:822;14;5;42;822;;;;;146
10/12/2021;13;5;42.850Z;42;850;;;14:5:42:706;14;5;42;706;;;;;144
10/12/2021;13;5;42.734Z;42;734;;;14:5:42:590;14;5;42;590;;;;;144
10/12/2021;13;5;42.618Z;42;618;;;14:5:42:482;14;5;42;482;;;;;136
10/12/2021;13;5;42.513Z;42;513;;;14:5:42:364;14;5;42;364;;;;;149
10/12/2021;13;5;42.395Z;42;395;;;14:5:42:253;14;5;42;253;;;;;142
10/12/2021;13;5;42.280Z;42;280;;;14:5:42:136;14;5;42;136;;;;;144
10/12/2021;13;5;42.163Z;42;163;;;14:5:42:21;14;5;42;21;;;;;142
10/12/2021;13;5;42.051Z;42;51;;;14:5:41:908;14;5;41;908;;;;;143
10/12/2021;13;5;41.936Z;41;936;;;14:5:41:798;14;5;41;798;;;;;138
10/12/2021;13;5;41.830Z;41;830;;;14:5:41:694;14;5;41;694;;;;;136
10/12/2021;13;5;41.723Z;41;723;;;14:5:41:585;14;5;41;585;;;;;138
10/12/2021;13;5;41.617Z;41;617;;;14:5:41:473;14;5;41;473;;;;;144
10/12/2021;13;5;41.500Z;41;500;;;14:5:41:359;14;5;41;359;;;;;141
10/12/2021;13;5;41.383Z;41;383;;;14:5:41:242;14;5;41;242;;;;;141
10/12/2021;13;5;41.271Z;41;271;;;14:5:41:127;14;5;41;127;;;;;144
10/12/2021;13;5;41.154Z;41;154;;;14:5:41:10;14;5;41;10;;;;;144
10/12/2021;13;5;41.039Z;41;39;;;14:5:40:890;14;5;40;890;;;;;149
10/12/2021;13;5;40.918Z;40;918;;;14:5:40:778;14;5;40;778;;;;;140
10/12/2021;13;5;40.805Z;40;805;;;14:5:40:661;14;5;40;661;;;;;144
10/12/2021;13;5;40.688Z;40;688;;;14:5:40:545;14;5;40;545;;;;;143
10/12/2021;13;5;40.573Z;40;573;;;14:5:40:429;14;5;40;429;;;;;144
10/12/2021;13;5;40.457Z;40;457;;;14:5:40:307;14;5;40;307;;;;;150
10/12/2021;13;5;40.334Z;40;334;;;14:5:40:110;14;5;40;110;;;;;224
10/12/2021;13;5;40.141Z;40;141;;;14:5:40:4;14;5;40;4;;;;;137
10/12/2021;13;5;40.035Z;40;35;;;14:5:39:895;14;5;39;895;;;;;140
10/12/2021;13;5;39.927Z;39;927;;;14:5:39:781;14;5;39;781;;;;;146
10/12/2021;13;5;39.809Z;39;809;;;14:5:39:665;14;5;39;665;;;;;144
10/12/2021;13;5;39.694Z;39;694;;;14:5:39:550;14;5;39;550;;;;;144
10/12/2021;13;5;39.575Z;39;575;;;14:5:39:431;14;5;39;431;;;;;144
10/12/2021;13;5;39.459Z;39;459;;;14:5:39:315;14;5;39;315;;;;;144
10/12/2021;13;5;39.343Z;39;343;;;14:5:39:194;14;5;39;194;;;;;149
10/12/2021;13;5;39.221Z;39;221;;;14:5:39:77;14;5;39;77;;;;;144
10/12/2021;13;5;39.105Z;39;105;;;14:5:38:959;14;5;38;959;;;;;146
10/12/2021;13;5;38.986Z;38;986;;;14:5:38:841;14;5;38;841;;;;;145
10/12/2021;13;5;38.869Z;38;869;;;14:5:38:725;14;5;38;725;;;;;144
10/12/2021;13;5;38.753Z;38;753;;;14:5:38:608;14;5;38;608;;;;;145
10/12/2021;13;5;38.636Z;38;636;;;14:5:38:492;14;5;38;492;;;;;144
10/12/2021;13;5;38.519Z;38;519;;;14:5:38:373;14;5;38;373;;;;;146
10/12/2021;13;5;38.402Z;38;402;;;14:5:38:258;14;5;38;258;;;;;144
10/12/2021;13;5;38.286Z;38;286;;;14:5:38:141;14;5;38;141;;;;;145
10/12/2021;13;5;38.169Z;38;169;;;14:5:38:26;14;5;38;26;;;;;143
10/12/2021;13;5;38.054Z;38;54;;;14:5:37:906;14;5;37;906;;;;;148
10/12/2021;13;5;37.933Z;37;933;;;14:5:37:789;14;5;37;789;;;;;144
10/12/2021;13;5;37.814Z;37;814;;;14:5:37:670;14;5;37;670;;;;;144
10/12/2021;13;5;37.696Z;37;696;;;14:5:37:551;14;5;37;551;;;;;145
10/12/2021;13;5;37.579Z;37;579;;;14:5:37:435;14;5;37;435;;;;;144
10/12/2021;13;5;37.462Z;37;462;;;14:5:37:317;14;5;37;317;;;;;145
10/12/2021;13;5;37.340Z;37;340;;;14:5:37:200;14;5;37;200;;;;;140
10/12/2021;13;5;37.226Z;37;226;;;14:5:37:80;14;5;37;80;;;;;146
10/12/2021;13;5;37.108Z;37;108;;;14:5:36:965;14;5;36;965;;;;;143
10/12/2021;13;5;36.993Z;36;993;;;14:5:36:848;14;5;36;848;;;;;145
10/12/2021;13;5;36.876Z;36;876;;;14:5:36:731;14;5;36;731;;;;;145
10/12/2021;13;5;36.756Z;36;756;;;14:5:36:611;14;5;36;611;;;;;145
10/12/2021;13;5;36.621Z;36;621;;;14:5:36:476;14;5;36;476;;;;;145
10/12/2021;13;5;36.504Z;36;504;;;14:5:36:359;14;5;36;359;;;;;145
10/12/2021;13;5;36.386Z;36;386;;;14:5:36:242;14;5;36;242;;;;;144
10/12/2021;13;5;36.269Z;36;269;;;14:5:36:124;14;5;36;124;;;;;145
10/12/2021;13;5;36.152Z;36;152;;;14:5:36:5;14;5;36;5;;;;;147
10/12/2021;13;5;36.034Z;36;34;;;14:5:35:890;14;5;35;890;;;;;144
10/12/2021;13;5;35.917Z;35;917;;;14:5:35:774;14;5;35;774;;;;;143
10/12/2021;13;5;35.802Z;35;802;;;14:5:35:657;14;5;35;657;;;;;145
10/12/2021;13;5;35.684Z;35;684;;;14:5:35:541;14;5;35;541;;;;;143
10/12/2021;13;5;35.568Z;35;568;;;14:5:35:429;14;5;35;429;;;;;139
10/12/2021;13;5;35.456Z;35;456;;;14:5:35:312;14;5;35;312;;;;;144
10/12/2021;13;5;35.339Z;35;339;;;14:5:35:194;14;5;35;194;;;;;145
10/12/2021;13;5;35.220Z;35;220;;;14:5:35:77;14;5;35;77;;;;;143
10/12/2021;13;5;35.104Z;35;104;;;14:5:34:961;14;5;34;961;;;;;143
10/12/2021;13;5;34.989Z;34;989;;;14:5:34:842;14;5;34;842;;;;;147
10/12/2021;13;5;34.869Z;34;869;;;14:5:34:725;14;5;34;725;;;;;144
10/12/2021;13;5;34.752Z;34;752;;;14:5:34:608;14;5;34;608;;;;;144
10/12/2021;13;5;34.636Z;34;636;;;14:5:34:492;14;5;34;492;;;;;144
10/12/2021;13;5;34.512Z;34;512;;;14:5:34:371;14;5;34;371;;;;;141
10/12/2021;13;5;34.399Z;34;399;;;14:5:34:168;14;5;34;168;;;;;231
10/12/2021;13;5;34.193Z;34;193;;;14:5:34:48;14;5;34;48;;;;;145
10/12/2021;13;5;34.076Z;34;76;;;14:5:33:926;14;5;33;926;;;;;150
10/12/2021;13;5;33.954Z;33;954;;;14:5:33:810;14;5;33;810;;;;;144
10/12/2021;13;5;33.838Z;33;838;;;14:5:33:691;14;5;33;691;;;;;147
10/12/2021;13;5;33.718Z;33;718;;;14:5:33:579;14;5;33;579;;;;;139
10/12/2021;13;5;33.606Z;33;606;;;14:5:33:462;14;5;33;462;;;;;144
10/12/2021;13;5;33.490Z;33;490;;;14:5:33:347;14;5;33;347;;;;;143
10/12/2021;13;5;33.374Z;33;374;;;14:5:33:231;14;5;33;231;;;;;143
10/12/2021;13;5;33.259Z;33;259;;;14:5:33:115;14;5;33;115;;;;;144
10/12/2021;13;5;33.143Z;33;143;;;14:5:32:997;14;5;32;997;;;;;146
10/12/2021;13;5;33.025Z;33;25;;;14:5:32:881;14;5;32;881;;;;;144
10/12/2021;13;5;32.909Z;32;909;;;14:5:32:765;14;5;32;765;;;;;144
10/12/2021;13;5;32.793Z;32;793;;;14:5:32:649;14;5;32;649;;;;;144
10/12/2021;13;5;32.678Z;32;678;;;14:5:32:534;14;5;32;534;;;;;144
10/12/2021;13;5;32.562Z;32;562;;;14:5:32:417;14;5;32;417;;;;;145
10/12/2021;13;5;32.445Z;32;445;;;14:5:32:301;14;5;32;301;;;;;144
10/12/2021;13;5;32.329Z;32;329;;;14:5:32:185;14;5;32;185;;;;;144
10/12/2021;13;5;32.213Z;32;213;;;14:5:32:61;14;5;32;61;;;;;152
10/12/2021;13;5;32.090Z;32;90;;;14:5:31:946;14;5;31;946;;;;;144
10/12/2021;13;5;31.972Z;31;972;;;14:5:31:832;14;5;31;832;;;;;140
10/12/2021;13;5;31.856Z;31;856;;;14:5:31:713;14;5;31;713;;;;;143
10/12/2021;13;5;31.741Z;31;741;;;14:5:31:593;14;5;31;593;;;;;148
10/12/2021;13;5;31.621Z;31;621;;;14:5:31:480;14;5;31;480;;;;;141
10/12/2021;13;5;31.500Z;31;500;;;14:5:31:356;14;5;31;356;;;;;144
10/12/2021;13;5;31.384Z;31;384;;;14:5:31:240;14;5;31;240;;;;;144
10/12/2021;13;5;31.267Z;31;267;;;14:5:31:123;14;5;31;123;;;;;144
10/12/2021;13;5;31.151Z;31;151;;;14:5:31:7;14;5;31;7;;;;;144
10/12/2021;13;5;31.034Z;31;34;;;14:5:30:890;14;5;30;890;;;;;144
10/12/2021;13;5;30.918Z;30;918;;;14:5:30:774;14;5;30;774;;;;;144
10/12/2021;13;5;30.801Z;30;801;;;14:5:30:654;14;5;30;654;;;;;147
10/12/2021;13;5;30.682Z;30;682;;;14:5:30:538;14;5;30;538;;;;;144
10/12/2021;13;5;30.565Z;30;565;;;14:5:30:421;14;5;30;421;;;;;144
10/12/2021;13;5;30.449Z;30;449;;;14:5:30:305;14;5;30;305;;;;;144
10/12/2021;13;5;30.333Z;30;333;;;14:5:30:189;14;5;30;189;;;;;144
10/12/2021;13;5;30.216Z;30;216;;;14:5:30:73;14;5;30;73;;;;;143
10/12/2021;13;5;30.099Z;30;99;;;14:5:29:954;14;5;29;954;;;;;145
10/12/2021;13;5;29.982Z;29;982;;;14:5:29:839;14;5;29;839;;;;;143
10/12/2021;13;5;29.866Z;29;866;;;14:5:29:722;14;5;29;722;;;;;144
10/12/2021;13;5;29.750Z;29;750;;;14:5:29:605;14;5;29;605;;;;;145
10/12/2021;13;5;29.633Z;29;633;;;14:5:29:489;14;5;29;489;;;;;144
10/12/2021;13;5;29.517Z;29;517;;;14:5:29:372;14;5;29;372;;;;;145
10/12/2021;13;5;29.394Z;29;394;;;14:5:29:250;14;5;29;250;;;;;144
10/12/2021;13;5;29.279Z;29;279;;;14:5:29:135;14;5;29;135;;;;;144
10/12/2021;13;5;29.163Z;29;163;;;14:5:29:20;14;5;29;20;;;;;143
10/12/2021;13;5;29.047Z;29;47;;;14:5:28:903;14;5;28;903;;;;;144
10/12/2021;13;5;28.931Z;28;931;;;14:5:28:787;14;5;28;787;;;;;144
10/12/2021;13;5;28.816Z;28;816;;;14:5:28:672;14;5;28;672;;;;;144
10/12/2021;13;5;28.700Z;28;700;;;14:5:28:555;14;5;28;555;;;;;145
10/12/2021;13;5;28.582Z;28;582;;;14:5:28:438;14;5;28;438;;;;;144
10/12/2021;13;5;28.466Z;28;466;;;14:5:28:235;14;5;28;235;;;;;231
10/12/2021;13;5;28.262Z;28;262;;;14:5:28:113;14;5;28;113;;;;;149
10/12/2021;13;5;28.083Z;28;83;;;14:5:27:939;14;5;27;939;;;;;144
10/12/2021;13;5;27.967Z;27;967;;;14:5:27:824;14;5;27;824;;;;;143
10/12/2021;13;5;27.852Z;27;852;;;14:5:27:708;14;5;27;708;;;;;144
10/12/2021;13;5;27.737Z;27;737;;;14:5:27:593;14;5;27;593;;;;;144
10/12/2021;13;5;27.622Z;27;622;;;14:5:27:475;14;5;27;475;;;;;147
10/12/2021;13;5;27.474Z;27;474;;;14:5:27:331;14;5;27;331;;;;;143
10/12/2021;13;5;27.359Z;27;359;;;14:5:27:215;14;5;27;215;;;;;144
10/12/2021;13;5;27.243Z;27;243;;;14:5:27:99;14;5;27;99;;;;;144
10/12/2021;13;5;27.128Z;27;128;;;14:5:26:984;14;5;26;984;;;;;144
10/12/2021;13;5;27.013Z;27;13;;;14:5:26:869;14;5;26;869;;;;;144
10/12/2021;13;5;26.897Z;26;897;;;14:5:26:752;14;5;26;752;;;;;145
10/12/2021;13;5;26.780Z;26;780;;;14:5:26:636;14;5;26;636;;;;;144
10/12/2021;13;5;26.665Z;26;665;;;14:5:26:521;14;5;26;521;;;;;144
10/12/2021;13;5;26.549Z;26;549;;;14:5:26:409;14;5;26;409;;;;;140
10/12/2021;13;5;26.437Z;26;437;;;14:5:26:294;14;5;26;294;;;;;143
10/12/2021;13;5;26.322Z;26;322;;;14:5:26:179;14;5;26;179;;;;;143
10/12/2021;13;5;26.207Z;26;207;;;14:5:26:63;14;5;26;63;;;;;144
10/12/2021;13;5;26.092Z;26;92;;;14:5:25:949;14;5;25;949;;;;;143
10/12/2021;13;5;25.977Z;25;977;;;14:5:25:834;14;5;25;834;;;;;143
10/12/2021;13;5;25.861Z;25;861;;;14:5:25:726;14;5;25;726;;;;;135
10/12/2021;13;5;25.759Z;25;759;;;14:5:25:625;14;5;25;625;;;;;134
10/12/2021;13;5;25.656Z;25;656;;;14:5:25:516;14;5;25;516;;;;;140
10/12/2021;13;5;25.545Z;25;545;;;14:5:25:406;14;5;25;406;;;;;139
10/12/2021;13;5;25.439Z;25;439;;;14:5:25:293;14;5;25;293;;;;;146
10/12/2021;13;5;25.321Z;25;321;;;14:5:25:178;14;5;25;178;;;;;143
10/12/2021;13;5;25.204Z;25;204;;;14:5:25:61;14;5;25;61;;;;;143
10/12/2021;13;5;25.089Z;25;89;;;14:5:24:945;14;5;24;945;;;;;144
10/12/2021;13;5;24.973Z;24;973;;;14:5:24:829;14;5;24;829;;;;;144
10/12/2021;13;5;24.856Z;24;856;;;14:5:24:716;14;5;24;716;;;;;140
10/12/2021;13;5;24.743Z;24;743;;;14:5:24:600;14;5;24;600;;;;;143
10/12/2021;13;5;24.627Z;24;627;;;14:5:24:484;14;5;24;484;;;;;143
10/12/2021;13;5;24.510Z;24;510;;;14:5:24:366;14;5;24;366;;;;;144
10/12/2021;13;5;24.393Z;24;393;;;14:5:24:249;14;5;24;249;;;;;144
10/12/2021;13;5;24.277Z;24;277;;;14:5:24:132;14;5;24;132;;;;;145
10/12/2021;13;5;24.159Z;24;159;;;14:5:24:13;14;5;24;13;;;;;146
10/12/2021;13;5;24.040Z;24;40;;;14:5:23:896;14;5;23;896;;;;;144
10/12/2021;13;5;23.923Z;23;923;;;14:5:23:779;14;5;23;779;;;;;144
10/12/2021;13;5;23.807Z;23;807;;;14:5:23:663;14;5;23;663;;;;;144
10/12/2021;13;5;23.681Z;23;681;;;14:5:23:533;14;5;23;533;;;;;148
10/12/2021;13;5;23.560Z;23;560;;;14:5:23:416;14;5;23;416;;;;;144
10/12/2021;13;5;23.443Z;23;443;;;14:5:23:299;14;5;23;299;;;;;144
10/12/2021;13;5;23.327Z;23;327;;;14:5:23:182;14;5;23;182;;;;;145
10/12/2021;13;5;23.210Z;23;210;;;14:5:23:63;14;5;23;63;;;;;147
10/12/2021;13;5;23.089Z;23;89;;;14:5:22:939;14;5;22;939;;;;;150
10/12/2021;13;5;22.965Z;22;965;;;14:5:22:824;14;5;22;824;;;;;141
10/12/2021;13;5;22.856Z;22;856;;;14:5:22:716;14;5;22;716;;;;;140
10/12/2021;13;5;22.748Z;22;748;;;14:5:22:609;14;5;22;609;;;;;139
10/12/2021;13;5;22.635Z;22;635;;;14:5:22:494;14;5;22;494;;;;;141
10/12/2021;13;5;22.522Z;22;522;;;14:5:22:295;14;5;22;295;;;;;227
10/12/2021;13;5;22.323Z;22;323;;;14:5:22:185;14;5;22;185;;;;;138
10/12/2021;13;5;22.216Z;22;216;;;14:5:22:78;14;5;22;78;;;;;138
10/12/2021;13;5;22.109Z;22;109;;;14:5:21:972;14;5;21;972;;;;;137
10/12/2021;13;5;22.001Z;22;1;;;14:5:21:858;14;5;21;858;;;;;143
10/12/2021;13;5;21.887Z;21;887;;;14:5:21:748;14;5;21;748;;;;;139
10/12/2021;13;5;21.778Z;21;778;;;14:5:21:639;14;5;21;639;;;;;139
10/12/2021;13;5;21.665Z;21;665;;;14:5:21:521;14;5;21;521;;;;;144
10/12/2021;13;5;21.549Z;21;549;;;14:5:21:403;14;5;21;403;;;;;146
10/12/2021;13;5;21.430Z;21;430;;;14:5:21:292;14;5;21;292;;;;;138
10/12/2021;13;5;21.319Z;21;319;;;14:5:21:178;14;5;21;178;;;;;141
10/12/2021;13;5;21.207Z;21;207;;;14:5:21:54;14;5;21;54;;;;;153
10/12/2021;13;5;21.081Z;21;81;;;14:5:20:937;14;5;20;937;;;;;144
10/12/2021;13;5;20.952Z;20;952;;;14:5:20:804;14;5;20;804;;;;;148
10/12/2021;13;5;20.832Z;20;832;;;14:5:20:688;14;5;20;688;;;;;144
10/12/2021;13;5;20.716Z;20;716;;;14:5:20:572;14;5;20;572;;;;;144
10/12/2021;13;5;20.599Z;20;599;;;14:5:20:455;14;5;20;455;;;;;144
10/12/2021;13;5;20.481Z;20;481;;;14:5:20:344;14;5;20;344;;;;;137
10/12/2021;13;5;20.370Z;20;370;;;14:5:20:237;14;5;20;237;;;;;133
10/12/2021;13;5;20.267Z;20;267;;;14:5:20:127;14;5;20;127;;;;;140
10/12/2021;13;5;20.148Z;20;148;;;14:5:20:0;14;5;20;0;;;;;148
10/12/2021;13;5;20.025Z;20;25;;;14:5:19:883;14;5;19;883;;;;;142
10/12/2021;13;5;19.911Z;19;911;;;14:5:19:769;14;5;19;769;;;;;142
10/12/2021;13;5;19.796Z;19;796;;;14:5:19:653;14;5;19;653;;;;;143
10/12/2021;13;5;19.680Z;19;680;;;14:5:19:537;14;5;19;537;;;;;143
10/12/2021;13;5;19.565Z;19;565;;;14:5:19:426;14;5;19;426;;;;;139
10/12/2021;13;5;19.453Z;19;453;;;14:5:19:309;14;5;19;309;;;;;144
10/12/2021;13;5;19.337Z;19;337;;;14:5:19:194;14;5;19;194;;;;;143
10/12/2021;13;5;19.222Z;19;222;;;14:5:19:79;14;5;19;79;;;;;143
10/12/2021;13;5;19.108Z;19;108;;;14:5:18:962;14;5;18;962;;;;;146
10/12/2021;13;5;18.990Z;18;990;;;14:5:18:847;14;5;18;847;;;;;143
10/12/2021;13;5;18.875Z;18;875;;;14:5:18:732;14;5;18;732;;;;;143
10/12/2021;13;5;18.760Z;18;760;;;14:5:18:617;14;5;18;617;;;;;143
10/12/2021;13;5;18.645Z;18;645;;;14:5:18:501;14;5;18;501;;;;;144
10/12/2021;13;5;18.529Z;18;529;;;14:5:18:387;14;5;18;387;;;;;142
10/12/2021;13;5;18.415Z;18;415;;;14:5:18:271;14;5;18;271;;;;;144
10/12/2021;13;5;18.299Z;18;299;;;14:5:18:153;14;5;18;153;;;;;146
10/12/2021;13;5;18.180Z;18;180;;;14:5:18:35;14;5;18;35;;;;;145
10/12/2021;13;5;18.062Z;18;62;;;14:5:17:918;14;5;17;918;;;;;144
10/12/2021;13;5;17.945Z;17;945;;;14:5:17:801;14;5;17;801;;;;;144
10/12/2021;13;5;17.829Z;17;829;;;14:5:17:691;14;5;17;691;;;;;138
10/12/2021;13;5;17.718Z;17;718;;;14:5:17:575;14;5;17;575;;;;;143
10/12/2021;13;5;17.603Z;17;603;;;14:5:17:459;14;5;17;459;;;;;144
10/12/2021;13;5;17.487Z;17;487;;;14:5:17:331;14;5;17;331;;;;;156
10/12/2021;13;5;17.342Z;17;342;;;14:5:17:185;14;5;17;185;;;;;157
10/12/2021;13;5;17.198Z;17;198;;;14:5:17:54;14;5;17;54;;;;;144
10/12/2021;13;5;17.068Z;17;68;;;14:5:16:916;14;5;16;916;;;;;152
10/12/2021;13;5;16.943Z;16;943;;;14:5:16:804;14;5;16;804;;;;;139
10/12/2021;13;5;16.833Z;16;833;;;14:5:16:694;14;5;16;694;;;;;139
10/12/2021;13;5;16.725Z;16;725;;;14:5:16:585;14;5;16;585;;;;;140
10/12/2021;13;5;16.583Z;16;583;;;14:5:16:269;14;5;16;269;;;;;314
10/12/2021;13;5;16.300Z;16;300;;;14:5:16:160;14;5;16;160;;;;;140
10/12/2021;13;5;16.185Z;16;185;;;14:5:16:45;14;5;16;45;;;;;140
10/12/2021;13;5;16.072Z;16;72;;;14:5:15:929;14;5;15;929;;;;;143
10/12/2021;13;5;15.957Z;15;957;;;14:5:15:813;14;5;15;813;;;;;144
10/12/2021;13;5;15.841Z;15;841;;;14:5:15:697;14;5;15;697;;;;;144
10/12/2021;13;5;15.724Z;15;724;;;14:5:15:577;14;5;15;577;;;;;147
10/12/2021;13;5;15.604Z;15;604;;;14:5:15:469;14;5;15;469;;;;;135
10/12/2021;13;5;15.501Z;15;501;;;14:5:15:365;14;5;15;365;;;;;136
10/12/2021;13;5;15.395Z;15;395;;;14:5:15:255;14;5;15;255;;;;;140
10/12/2021;13;5;15.283Z;15;283;;;14:5:15:140;14;5;15;140;;;;;143
10/12/2021;13;5;15.168Z;15;168;;;14:5:15:30;14;5;15;30;;;;;138
10/12/2021;13;5;15.062Z;15;62;;;14:5:14:927;14;5;14;927;;;;;135
10/12/2021;13;5;14.956Z;14;956;;;14:5:14:819;14;5;14;819;;;;;137
10/12/2021;13;5;14.852Z;14;852;;;14:5:14:708;14;5;14;708;;;;;144
10/12/2021;13;5;14.736Z;14;736;;;14:5:14:595;14;5;14;595;;;;;141
10/12/2021;13;5;14.626Z;14;626;;;14:5:14:491;14;5;14;491;;;;;135
10/12/2021;13;5;14.516Z;14;516;;;14:5:14:368;14;5;14;368;;;;;148
10/12/2021;13;5;14.394Z;14;394;;;14:5:14:259;14;5;14;259;;;;;135
10/12/2021;13;5;14.290Z;14;290;;;14:5:14:146;14;5;14;146;;;;;144
10/12/2021;13;5;14.174Z;14;174;;;14:5:14:38;14;5;14;38;;;;;136
10/12/2021;13;5;14.070Z;14;70;;;14:5:13:930;14;5;13;930;;;;;140
10/12/2021;13;5;13.962Z;13;962;;;14:5:13:817;14;5;13;817;;;;;145
10/12/2021;13;5;13.845Z;13;845;;;14:5:13:702;14;5;13;702;;;;;143
10/12/2021;13;5;13.727Z;13;727;;;14:5:13:589;14;5;13;589;;;;;138
10/12/2021;13;5;13.615Z;13;615;;;14:5:13:477;14;5;13;477;;;;;138
10/12/2021;13;5;13.505Z;13;505;;;14:5:13:361;14;5;13;361;;;;;144
10/12/2021;13;5;13.389Z;13;389;;;14:5:13:246;14;5;13;246;;;;;143
10/12/2021;13;5;13.265Z;13;265;;;14:5:13:119;14;5;13;119;;;;;146
10/12/2021;13;5;13.147Z;13;147;;;14:5:13:8;14;5;13;8;;;;;139
10/12/2021;13;5;13.041Z;13;41;;;14:5:12:896;14;5;12;896;;;;;145
10/12/2021;13;5;12.923Z;12;923;;;14:5:12:784;14;5;12;784;;;;;139
10/12/2021;13;5;12.816Z;12;816;;;14:5:12:682;14;5;12;682;;;;;134
10/12/2021;13;5;12.713Z;12;713;;;14:5:12:575;14;5;12;575;;;;;138
10/12/2021;13;5;12.601Z;12;601;;;14:5:12:456;14;5;12;456;;;;;145
10/12/2021;13;5;12.484Z;12;484;;;14:5:12:342;14;5;12;342;;;;;142
10/12/2021;13;5;12.374Z;12;374;;;14:5:12:234;14;5;12;234;;;;;140
10/12/2021;13;5;12.266Z;12;266;;;14:5:12:122;14;5;12;122;;;;;144
10/12/2021;13;5;12.150Z;12;150;;;14:5:12:7;14;5;12;7;;;;;143
10/12/2021;13;5;12.033Z;12;33;;;14:5:11:891;14;5;11;891;;;;;142
10/12/2021;13;5;11.917Z;11;917;;;14:5:11:772;14;5;11;772;;;;;145
10/12/2021;13;5;11.798Z;11;798;;;14:5:11:647;14;5;11;647;;;;;151
10/12/2021;13;5;11.674Z;11;674;;;14:5:11:535;14;5;11;535;;;;;139
10/12/2021;13;5;11.561Z;11;561;;;14:5:11:417;14;5;11;417;;;;;144
10/12/2021;13;5;11.444Z;11;444;;;14:5:11:301;14;5;11;301;;;;;143
10/12/2021;13;5;11.329Z;11;329;;;14:5:11:185;14;5;11;185;;;;;144
10/12/2021;13;5;11.213Z;11;213;;;14:5:11:69;14;5;11;69;;;;;144
10/12/2021;13;5;11.095Z;11;95;;;14:5:10:951;14;5;10;951;;;;;144
10/12/2021;13;5;10.979Z;10;979;;;14:5:10:836;14;5;10;836;;;;;143
10/12/2021;13;5;10.862Z;10;862;;;14:5:10:717;14;5;10;717;;;;;145
10/12/2021;13;5;10.744Z;10;744;;;14:5:10:510;14;5;10;510;;;;;234
10/12/2021;13;5;10.537Z;10;537;;;14:5:10:395;14;5;10;395;;;;;142
10/12/2021;13;5;10.424Z;10;424;;;14:5:10:281;14;5;10;281;;;;;143
10/12/2021;13;5;10.309Z;10;309;;;14:5:10:166;14;5;10;166;;;;;143
10/12/2021;13;5;10.194Z;10;194;;;14:5:10:52;14;5;10;52;;;;;142
10/12/2021;13;5;10.081Z;10;81;;;14:5:9:938;14;5;9;938;;;;;143
10/12/2021;13;5;09.965Z;9;965;;;14:5:9:823;14;5;9;823;;;;;142
10/12/2021;13;5;09.851Z;9;851;;;14:5:9:705;14;5;9;705;;;;;146
10/12/2021;13;5;09.733Z;9;733;;;14:5:9:591;14;5;9;591;;;;;142
10/12/2021;13;5;09.620Z;9;620;;;14:5:9:477;14;5;9;477;;;;;143
10/12/2021;13;5;09.505Z;9;505;;;14:5:9:362;14;5;9;362;;;;;143
10/12/2021;13;5;09.390Z;9;390;;;14:5:9:247;14;5;9;247;;;;;143
10/12/2021;13;5;09.275Z;9;275;;;14:5:9:132;14;5;9;132;;;;;143
10/12/2021;13;5;09.160Z;9;160;;;14:5:9:13;14;5;9;13;;;;;147
10/12/2021;13;5;09.041Z;9;41;;;14:5:8:898;14;5;8;898;;;;;143
10/12/2021;13;5;08.927Z;8;927;;;14:5:8:789;14;5;8;789;;;;;138
10/12/2021;13;5;08.815Z;8;815;;;14:5:8:673;14;5;8;673;;;;;142
10/12/2021;13;5;08.701Z;8;701;;;14:5:8:558;14;5;8;558;;;;;143
10/12/2021;13;5;08.584Z;8;584;;;14:5:8:442;14;5;8;442;;;;;142
10/12/2021;13;5;08.469Z;8;469;;;14:5:8:326;14;5;8;326;;;;;143
10/12/2021;13;5;08.353Z;8;353;;;14:5:8:211;14;5;8;211;;;;;142
10/12/2021;13;5;08.239Z;8;239;;;14:5:8:96;14;5;8;96;;;;;143
10/12/2021;13;5;08.124Z;8;124;;;14:5:7:980;14;5;7;980;;;;;144
10/12/2021;13;5;08.009Z;8;9;;;14:5:7:866;14;5;7;866;;;;;143
10/12/2021;13;5;07.894Z;7;894;;;14:5:7:751;14;5;7;751;;;;;143
10/12/2021;13;5;07.778Z;7;778;;;14:5:7:636;14;5;7;636;;;;;142
10/12/2021;13;5;07.664Z;7;664;;;14:5:7:522;14;5;7;522;;;;;142
10/12/2021;13;5;07.549Z;7;549;;;14:5:7:406;14;5;7;406;;;;;143
10/12/2021;13;5;07.435Z;7;435;;;14:5:7:292;14;5;7;292;;;;;143
10/12/2021;13;5;07.319Z;7;319;;;14:5:7:178;14;5;7;178;;;;;141
10/12/2021;13;5;07.209Z;7;209;;;14:5:7:68;14;5;7;68;;;;;141
10/12/2021;13;5;07.095Z;7;95;;;14:5:6:953;14;5;6;953;;;;;142
10/12/2021;13;5;06.981Z;6;981;;;14:5:6:836;14;5;6;836;;;;;145
10/12/2021;13;5;06.864Z;6;864;;;14:5:6:722;14;5;6;722;;;;;142
10/12/2021;13;5;06.750Z;6;750;;;14:5:6:608;14;5;6;608;;;;;142
10/12/2021;13;5;06.636Z;6;636;;;14:5:6:490;14;5;6;490;;;;;146
10/12/2021;13;5;06.517Z;6;517;;;14:5:6:374;14;5;6;374;;;;;143
10/12/2021;13;5;06.399Z;6;399;;;14:5:6:256;14;5;6;256;;;;;143
10/12/2021;13;5;06.284Z;6;284;;;14:5:6:135;14;5;6;135;;;;;149
10/12/2021;13;5;06.163Z;6;163;;;14:5:6:21;14;5;6;21;;;;;142
10/12/2021;13;5;06.048Z;6;48;;;14:5:5:906;14;5;5;906;;;;;142
10/12/2021;13;5;05.934Z;5;934;;;14:5:5:789;14;5;5;789;;;;;145
10/12/2021;13;5;05.816Z;5;816;;;14:5:5:673;14;5;5;673;;;;;143
10/12/2021;13;5;05.701Z;5;701;;;14:5:5:556;14;5;5;556;;;;;145
10/12/2021;13;5;05.584Z;5;584;;;14:5:5:441;14;5;5;441;;;;;143
10/12/2021;13;5;05.470Z;5;470;;;14:5:5:326;14;5;5;326;;;;;144
10/12/2021;13;5;05.354Z;5;354;;;14:5:5:211;14;5;5;211;;;;;143
10/12/2021;13;5;05.240Z;5;240;;;14:5:5:93;14;5;5;93;;;;;147
10/12/2021;13;5;05.122Z;5;122;;;14:5:4:978;14;5;4;978;;;;;144
10/12/2021;13;5;05.006Z;5;6;;;14:5:4:862;14;5;4;862;;;;;144
10/12/2021;13;5;04.891Z;4;891;;;14:5:4:661;14;5;4;661;;;;;230
10/12/2021;13;5;04.689Z;4;689;;;14:5:4:546;14;5;4;546;;;;;143
10/12/2021;13;5;04.575Z;4;575;;;14:5:4:430;14;5;4;430;;;;;145
10/12/2021;13;5;04.457Z;4;457;;;14:5:4:314;14;5;4;314;;;;;143
10/12/2021;13;5;04.341Z;4;341;;;14:5:4:198;14;5;4;198;;;;;143
10/12/2021;13;5;04.226Z;4;226;;;14:5:4:83;14;5;4;83;;;;;143
10/12/2021;13;5;04.111Z;4;111;;;14:5:3:968;14;5;3;968;;;;;143
10/12/2021;13;5;03.995Z;3;995;;;14:5:3:849;14;5;3;849;;;;;146
10/12/2021;13;5;03.877Z;3;877;;;14:5:3:733;14;5;3;733;;;;;144
10/12/2021;13;5;03.759Z;3;759;;;14:5:3:612;14;5;3;612;;;;;147
10/12/2021;13;5;03.638Z;3;638;;;14:5:3:501;14;5;3;501;;;;;137
10/12/2021;13;5;03.528Z;3;528;;;14:5:3:384;14;5;3;384;;;;;144
10/12/2021;13;5;03.411Z;3;411;;;14:5:3:269;14;5;3;269;;;;;142
10/12/2021;13;5;03.296Z;3;296;;;14:5:3:153;14;5;3;153;;;;;143
10/12/2021;13;5;03.181Z;3;181;;;14:5:3:39;14;5;3;39;;;;;142
10/12/2021;13;5;03.067Z;3;67;;;14:5:2:925;14;5;2;925;;;;;142
10/12/2021;13;5;02.952Z;2;952;;;14:5:2:808;14;5;2;808;;;;;144
10/12/2021;13;5;02.836Z;2;836;;;14:5:2:685;14;5;2;685;;;;;151
10/12/2021;13;5;02.713Z;2;713;;;14:5:2:570;14;5;2;570;;;;;143
10/12/2021;13;5;02.598Z;2;598;;;14:5:2:453;14;5;2;453;;;;;145
10/12/2021;13;5;02.481Z;2;481;;;14:5:2:339;14;5;2;339;;;;;142
10/12/2021;13;5;02.366Z;2;366;;;14:5:2:225;14;5;2;225;;;;;141
10/12/2021;13;5;02.252Z;2;252;;;14:5:2:110;14;5;2;110;;;;;142
10/12/2021;13;5;02.137Z;2;137;;;14:5:1:993;14;5;1;993;;;;;144
10/12/2021;13;5;02.021Z;2;21;;;14:5:1:878;14;5;1;878;;;;;143
10/12/2021;13;5;01.906Z;1;906;;;14:5:1:767;14;5;1;767;;;;;139
10/12/2021;13;5;01.794Z;1;794;;;14:5:1:652;14;5;1;652;;;;;142
10/12/2021;13;5;01.679Z;1;679;;;14:5:1:536;14;5;1;536;;;;;143
10/12/2021;13;5;01.563Z;1;563;;;14:5:1:420;14;5;1;420;;;;;143
10/12/2021;13;5;01.447Z;1;447;;;14:5:1:302;14;5;1;302;;;;;145
10/12/2021;13;5;01.330Z;1;330;;;14:5:1:186;14;5;1;186;;;;;144
10/12/2021;13;5;01.212Z;1;212;;;14:5:1:69;14;5;1;69;;;;;143
10/12/2021;13;5;01.097Z;1;97;;;14:5:0:955;14;5;0;955;;;;;142
10/12/2021;13;5;00.982Z;0;982;;;14:5:0:840;14;5;0;840;;;;;142
10/12/2021;13;5;00.864Z;0;864;;;14:5:0:721;14;5;0;721;;;;;143
10/12/2021;13;5;00.749Z;0;749;;;14:5:0:606;14;5;0;606;;;;;143
10/12/2021;13;5;00.634Z;0;634;;;14:5:0:491;14;5;0;491;;;;;143
10/12/2021;13;5;00.519Z;0;519;;;14:5:0:377;14;5;0;377;;;;;142
10/12/2021;13;5;00.405Z;0;405;;;14:5:0:262;14;5;0;262;;;;;143
10/12/2021;13;5;00.289Z;0;289;;;14:5:0:149;14;5;0;149;;;;;140
10/12/2021;13;5;00.176Z;0;176;;;14:5:0:37;14;5;0;37;;;;;139
10/12/2021;13;5;00.064Z;0;64;;;14:4:59:921;14;4;59;921;;;;;143
10/12/2021;13;4;59.948Z;59;948;;;14:4:59:806;14;4;59;806;;;;;142
10/12/2021;13;4;59.834Z;59;834;;;14:4:59:693;14;4;59;693;;;;;141
10/12/2021;13;4;59.721Z;59;721;;;14:4:59:578;14;4;59;578;;;;;143
10/12/2021;13;4;59.607Z;59;607;;;14:4:59:466;14;4;59;466;;;;;141
10/12/2021;13;4;59.494Z;59;494;;;14:4:59:344;14;4;59;344;;;;;150
10/12/2021;13;4;59.372Z;59;372;;;14:4:59:229;14;4;59;229;;;;;143
10/12/2021;13;4;59.258Z;59;258;;;14:4:59:115;14;4;59;115;;;;;143
10/12/2021;13;4;59.143Z;59;143;;;14:4:59:1;14;4;59;1;;;;;142
10/12/2021;13;4;59.029Z;59;29;;;14:4:58:788;14;4;58;788;;;;;241
10/12/2021;13;4;58.816Z;58;816;;;14:4:58:672;14;4;58;672;;;;;144
10/12/2021;13;4;58.700Z;58;700;;;14:4:58:558;14;4;58;558;;;;;142
10/12/2021;13;4;58.586Z;58;586;;;14:4:58:444;14;4;58;444;;;;;142
10/12/2021;13;4;58.472Z;58;472;;;14:4:58:328;14;4;58;328;;;;;144
10/12/2021;13;4;58.356Z;58;356;;;14:4:58:218;14;4;58;218;;;;;138
10/12/2021;13;4;58.246Z;58;246;;;14:4:58:104;14;4;58;104;;;;;142
10/12/2021;13;4;58.132Z;58;132;;;14:4:57:990;14;4;57;990;;;;;142
10/12/2021;13;4;58.018Z;58;18;;;14:4:57:876;14;4;57;876;;;;;142
10/12/2021;13;4;57.904Z;57;904;;;14:4:57:762;14;4;57;762;;;;;142
10/12/2021;13;4;57.789Z;57;789;;;14:4:57:647;14;4;57;647;;;;;142
10/12/2021;13;4;57.672Z;57;672;;;14:4:57:530;14;4;57;530;;;;;142
10/12/2021;13;4;57.557Z;57;557;;;14:4:57:415;14;4;57;415;;;;;142
10/12/2021;13;4;57.443Z;57;443;;;14:4:57:301;14;4;57;301;;;;;142
10/12/2021;13;4;57.329Z;57;329;;;14:4:57:182;14;4;57;182;;;;;147
10/12/2021;13;4;57.209Z;57;209;;;14:4:57:64;14;4;57;64;;;;;145
10/12/2021;13;4;57.092Z;57;92;;;14:4:56:949;14;4;56;949;;;;;143
10/12/2021;13;4;56.978Z;56;978;;;14:4:56:836;14;4;56;836;;;;;142
10/12/2021;13;4;56.863Z;56;863;;;14:4:56:705;14;4;56;705;;;;;158
10/12/2021;13;4;56.729Z;56;729;;;14:4:56:587;14;4;56;587;;;;;142
10/12/2021;13;4;56.615Z;56;615;;;14:4:56:474;14;4;56;474;;;;;141
10/12/2021;13;4;56.498Z;56;498;;;14:4:56:356;14;4;56;356;;;;;142
10/12/2021;13;4;56.382Z;56;382;;;14:4:56:235;14;4;56;235;;;;;147
10/12/2021;13;4;56.262Z;56;262;;;14:4:56:117;14;4;56;117;;;;;145
10/12/2021;13;4;56.145Z;56;145;;;14:4:56:0;14;4;56;0;;;;;145
10/12/2021;13;4;56.029Z;56;29;;;14:4:55:881;14;4;55;881;;;;;148
10/12/2021;13;4;55.909Z;55;909;;;14:4:55:770;14;4;55;770;;;;;139
10/12/2021;13;4;55.798Z;55;798;;;14:4:55:659;14;4;55;659;;;;;139
10/12/2021;13;4;55.690Z;55;690;;;14:4:55:548;14;4;55;548;;;;;142
10/12/2021;13;4;55.578Z;55;578;;;14:4:55:436;14;4;55;436;;;;;142
10/12/2021;13;4;55.462Z;55;462;;;14:4:55:320;14;4;55;320;;;;;142
10/12/2021;13;4;55.348Z;55;348;;;14:4:55:206;14;4;55;206;;;;;142
10/12/2021;13;4;55.234Z;55;234;;;14:4:55:93;14;4;55;93;;;;;141
10/12/2021;13;4;55.120Z;55;120;;;14:4:54:978;14;4;54;978;;;;;142
10/12/2021;13;4;54.999Z;54;999;;;14:4:54:855;14;4;54;855;;;;;144
10/12/2021;13;4;54.885Z;54;885;;;14:4:54:748;14;4;54;748;;;;;137
10/12/2021;13;4;54.776Z;54;776;;;14:4:54:634;14;4;54;634;;;;;142
10/12/2021;13;4;54.661Z;54;661;;;14:4:54:518;14;4;54;518;;;;;143
10/12/2021;13;4;54.546Z;54;546;;;14:4:54:404;14;4;54;404;;;;;142
10/12/2021;13;4;54.429Z;54;429;;;14:4:54:286;14;4;54;286;;;;;143
10/12/2021;13;4;54.315Z;54;315;;;14:4:54:172;14;4;54;172;;;;;143
10/12/2021;13;4;54.200Z;54;200;;;14:4:54:62;14;4;54;62;;;;;138
10/12/2021;13;4;54.089Z;54;89;;;14:4:53:946;14;4;53;946;;;;;143
10/12/2021;13;4;53.974Z;53;974;;;14:4:53:832;14;4;53;832;;;;;142
10/12/2021;13;4;53.860Z;53;860;;;14:4:53:718;14;4;53;718;;;;;142
10/12/2021;13;4;53.746Z;53;746;;;14:4:53:598;14;4;53;598;;;;;148
10/12/2021;13;4;53.627Z;53;627;;;14:4:53:483;14;4;53;483;;;;;144
10/12/2021;13;4;53.510Z;53;510;;;14:4:53:368;14;4;53;368;;;;;142
10/12/2021;13;4;53.396Z;53;396;;;14:4:53:254;14;4;53;254;;;;;142
10/12/2021;13;4;53.282Z;53;282;;;14:4:53:140;14;4;53;140;;;;;142
10/12/2021;13;4;53.168Z;53;168;;;14:4:52:930;14;4;52;930;;;;;238
10/12/2021;13;4;52.957Z;52;957;;;14:4:52:814;14;4;52;814;;;;;143
10/12/2021;13;4;52.841Z;52;841;;;14:4:52:698;14;4;52;698;;;;;143
10/12/2021;13;4;52.726Z;52;726;;;14:4:52:581;14;4;52;581;;;;;145
10/12/2021;13;4;52.609Z;52;609;;;14:4:52:471;14;4;52;471;;;;;138
10/12/2021;13;4;52.500Z;52;500;;;14:4:52:360;14;4;52;360;;;;;140
10/12/2021;13;4;52.387Z;52;387;;;14:4:52:253;14;4;52;253;;;;;134
10/12/2021;13;4;52.283Z;52;283;;;14:4:52:145;14;4;52;145;;;;;138
10/12/2021;13;4;52.166Z;52;166;;;14:4:52:26;14;4;52;26;;;;;140
10/12/2021;13;4;52.053Z;52;53;;;14:4:51:917;14;4;51;917;;;;;136
10/12/2021;13;4;51.946Z;51;946;;;14:4:51:802;14;4;51;802;;;;;144
10/12/2021;13;4;51.825Z;51;825;;;14:4:51:686;14;4;51;686;;;;;139
10/12/2021;13;4;51.715Z;51;715;;;14:4:51:574;14;4;51;574;;;;;141
10/12/2021;13;4;51.595Z;51;595;;;14:4:51:451;14;4;51;451;;;;;144
10/12/2021;13;4;51.481Z;51;481;;;14:4:51:348;14;4;51;348;;;;;133
10/12/2021;13;4;51.376Z;51;376;;;14:4:51:237;14;4;51;237;;;;;139
10/12/2021;13;4;51.253Z;51;253;;;14:4:51:110;14;4;51;110;;;;;143
10/12/2021;13;4;51.138Z;51;138;;;14:4:50:995;14;4;50;995;;;;;143
10/12/2021;13;4;51.022Z;51;22;;;14:4:50:882;14;4;50;882;;;;;140
10/12/2021;13;4;50.913Z;50;913;;;14:4:50:779;14;4;50;779;;;;;134
10/12/2021;13;4;50.810Z;50;810;;;14:4:50:672;14;4;50;672;;;;;138
10/12/2021;13;4;50.703Z;50;703;;;14:4:50:570;14;4;50;570;;;;;133
10/12/2021;13;4;50.601Z;50;601;;;14:4:50:457;14;4;50;457;;;;;144
10/12/2021;13;4;50.484Z;50;484;;;14:4:50:341;14;4;50;341;;;;;143
10/12/2021;13;4;50.368Z;50;368;;;14:4:50:225;14;4;50;225;;;;;143
10/12/2021;13;4;50.252Z;50;252;;;14:4:50:108;14;4;50;108;;;;;144
10/12/2021;13;4;50.129Z;50;129;;;14:4:49:986;14;4;49;986;;;;;143
10/12/2021;13;4;50.014Z;50;14;;;14:4:49:871;14;4;49;871;;;;;143
10/12/2021;13;4;49.898Z;49;898;;;14:4:49:758;14;4;49;758;;;;;140
10/12/2021;13;4;49.788Z;49;788;;;14:4:49:649;14;4;49;649;;;;;139
10/12/2021;13;4;49.680Z;49;680;;;14:4:49:541;14;4;49;541;;;;;139
10/12/2021;13;4;49.568Z;49;568;;;14:4:49:423;14;4;49;423;;;;;145
10/12/2021;13;4;49.450Z;49;450;;;14:4:49:308;14;4;49;308;;;;;142
10/12/2021;13;4;49.336Z;49;336;;;14:4:49:193;14;4;49;193;;;;;143
10/12/2021;13;4;49.220Z;49;220;;;14:4:49:60;14;4;49;60;;;;;160
10/12/2021;13;4;49.081Z;49;81;;;14:4:48:934;14;4;48;934;;;;;147
10/12/2021;13;4;48.962Z;48;962;;;14:4:48:828;14;4;48;828;;;;;134
10/12/2021;13;4;48.861Z;48;861;;;14:4:48:727;14;4;48;727;;;;;134
10/12/2021;13;4;48.759Z;48;759;;;14:4:48:612;14;4;48;612;;;;;147
10/12/2021;13;4;48.641Z;48;641;;;14:4:48:497;14;4;48;497;;;;;144
10/12/2021;13;4;48.525Z;48;525;;;14:4:48:392;14;4;48;392;;;;;133
10/12/2021;13;4;48.424Z;48;424;;;14:4:48:289;14;4;48;289;;;;;135
10/12/2021;13;4;48.320Z;48;320;;;14:4:48:186;14;4;48;186;;;;;134
10/12/2021;13;4;48.218Z;48;218;;;14:4:48:84;14;4;48;84;;;;;134
10/12/2021;13;4;48.116Z;48;116;;;14:4:47:983;14;4;47;983;;;;;133
10/12/2021;13;4;48.014Z;48;14;;;14:4:47:878;14;4;47;878;;;;;136
10/12/2021;13;4;47.909Z;47;909;;;14:4:47:774;14;4;47;774;;;;;135
10/12/2021;13;4;47.805Z;47;805;;;14:4:47:657;14;4;47;657;;;;;148
10/12/2021;13;4;47.683Z;47;683;;;14:4:47:546;14;4;47;546;;;;;137
10/12/2021;13;4;47.578Z;47;578;;;14:4:47:446;14;4;47;446;;;;;132
10/12/2021;13;4;47.478Z;47;478;;;14:4:47:256;14;4;47;256;;;;;222
10/12/2021;13;4;47.289Z;47;289;;;14:4:47:146;14;4;47;146;;;;;143
10/12/2021;13;4;47.171Z;47;171;;;14:4:47:26;14;4;47;26;;;;;145
10/12/2021;13;4;47.053Z;47;53;;;14:4:46:920;14;4;46;920;;;;;133
10/12/2021;13;4;46.952Z;46;952;;;14:4:46:813;14;4;46;813;;;;;139
10/12/2021;13;4;46.844Z;46;844;;;14:4:46:702;14;4;46;702;;;;;142
10/12/2021;13;4;46.730Z;46;730;;;14:4:46:592;14;4;46;592;;;;;138
10/12/2021;13;4;46.623Z;46;623;;;14:4:46:490;14;4;46;490;;;;;133
10/12/2021;13;4;46.520Z;46;520;;;14:4:46:377;14;4;46;377;;;;;143
10/12/2021;13;4;46.405Z;46;405;;;14:4:46:263;14;4;46;263;;;;;142
10/12/2021;13;4;46.290Z;46;290;;;14:4:46:150;14;4;46;150;;;;;140
10/12/2021;13;4;46.178Z;46;178;;;14:4:46:35;14;4;46;35;;;;;143
10/12/2021;13;4;46.062Z;46;62;;;14:4:45:918;14;4;45;918;;;;;144
10/12/2021;13;4;45.946Z;45;946;;;14:4:45:803;14;4;45;803;;;;;143
10/12/2021;13;4;45.831Z;45;831;;;14:4:45:694;14;4;45;694;;;;;137
10/12/2021;13;4;45.727Z;45;727;;;14:4:45:595;14;4;45;595;;;;;132
10/12/2021;13;4;45.627Z;45;627;;;14:4:45:495;14;4;45;495;;;;;132
10/12/2021;13;4;45.526Z;45;526;;;14:4:45:392;14;4;45;392;;;;;134
10/12/2021;13;4;45.424Z;45;424;;;14:4:45:291;14;4;45;291;;;;;133
10/12/2021;13;4;45.324Z;45;324;;;14:4:45:187;14;4;45;187;;;;;137
10/12/2021;13;4;45.213Z;45;213;;;14:4:45:70;14;4;45;70;;;;;143
10/12/2021;13;4;45.097Z;45;97;;;14:4:44:949;14;4;44;949;;;;;148
10/12/2021;13;4;44.976Z;44;976;;;14:4:44:833;14;4;44;833;;;;;143
10/12/2021;13;4;44.858Z;44;858;;;14:4:44:721;14;4;44;721;;;;;137
10/12/2021;13;4;44.751Z;44;751;;;14:4:44:618;14;4;44;618;;;;;133
10/12/2021;13;4;44.650Z;44;650;;;14:4:44:518;14;4;44;518;;;;;132
10/12/2021;13;4;44.552Z;44;552;;;14:4:44:405;14;4;44;405;;;;;147
10/12/2021;13;4;44.432Z;44;432;;;14:4:44:301;14;4;44;301;;;;;131
10/12/2021;13;4;44.333Z;44;333;;;14:4:44:201;14;4;44;201;;;;;132
10/12/2021;13;4;44.232Z;44;232;;;14:4:44:93;14;4;44;93;;;;;139
10/12/2021;13;4;44.123Z;44;123;;;14:4:43:974;14;4;43;974;;;;;149
10/12/2021;13;4;43.994Z;43;994;;;14:4:43:855;14;4;43;855;;;;;139
10/12/2021;13;4;43.887Z;43;887;;;14:4:43:753;14;4;43;753;;;;;134
10/12/2021;13;4;43.785Z;43;785;;;14:4:43:654;14;4;43;654;;;;;131
10/12/2021;13;4;43.686Z;43;686;;;14:4:43:553;14;4;43;553;;;;;133
10/12/2021;13;4;43.586Z;43;586;;;14:4:43:437;14;4;43;437;;;;;149
10/12/2021;13;4;43.462Z;43;462;;;14:4:43:327;14;4;43;327;;;;;135
10/12/2021;13;4;43.358Z;43;358;;;14:4:43:226;14;4;43;226;;;;;132
10/12/2021;13;4;43.257Z;43;257;;;14:4:43:124;14;4;43;124;;;;;133
10/12/2021;13;4;43.155Z;43;155;;;14:4:43:16;14;4;43;16;;;;;139
10/12/2021;13;4;43.047Z;43;47;;;14:4:42:898;14;4;42;898;;;;;149
10/12/2021;13;4;42.923Z;42;923;;;14:4:42:784;14;4;42;784;;;;;139
10/12/2021;13;4;42.816Z;42;816;;;14:4:42:684;14;4;42;684;;;;;132
10/12/2021;13;4;42.716Z;42;716;;;14:4:42:580;14;4;42;580;;;;;136
10/12/2021;13;4;42.608Z;42;608;;;14:4:42:470;14;4;42;470;;;;;138
10/12/2021;13;4;42.500Z;42;500;;;14:4:42:359;14;4;42;359;;;;;141
10/12/2021;13;4;42.390Z;42;390;;;14:4:42:246;14;4;42;246;;;;;144
10/12/2021;13;4;42.273Z;42;273;;;14:4:42:131;14;4;42;131;;;;;142
10/12/2021;13;4;42.158Z;42;158;;;14:4:42:14;14;4;42;14;;;;;144
10/12/2021;13;4;42.041Z;42;41;;;14:4:41:895;14;4;41;895;;;;;146
10/12/2021;13;4;41.920Z;41;920;;;14:4:41:690;14;4;41;690;;;;;230
10/12/2021;13;4;41.715Z;41;715;;;14:4:41:573;14;4;41;573;;;;;142
10/12/2021;13;4;41.599Z;41;599;;;14:4:41:455;14;4;41;455;;;;;144
10/12/2021;13;4;41.484Z;41;484;;;14:4:41:340;14;4;41;340;;;;;144
10/12/2021;13;4;41.367Z;41;367;;;14:4:41:227;14;4;41;227;;;;;140
10/12/2021;13;4;41.258Z;41;258;;;14:4:41:121;14;4;41;121;;;;;137
10/12/2021;13;4;41.147Z;41;147;;;14:4:41:3;14;4;41;3;;;;;144
10/12/2021;13;4;41.021Z;41;21;;;14:4:40:883;14;4;40;883;;;;;138
10/12/2021;13;4;40.913Z;40;913;;;14:4:40:771;14;4;40;771;;;;;142
10/12/2021;13;4;40.799Z;40;799;;;14:4:40:657;14;4;40;657;;;;;142
10/12/2021;13;4;40.685Z;40;685;;;14:4:40:543;14;4;40;543;;;;;142
10/12/2021;13;4;40.571Z;40;571;;;14:4:40:429;14;4;40;429;;;;;142
10/12/2021;13;4;40.457Z;40;457;;;14:4:40:315;14;4;40;315;;;;;142
10/12/2021;13;4;40.343Z;40;343;;;14:4:40:201;14;4;40;201;;;;;142
10/12/2021;13;4;40.229Z;40;229;;;14:4:40:87;14;4;40;87;;;;;142
10/12/2021;13;4;40.116Z;40;116;;;14:4:39:973;14;4;39;973;;;;;143
10/12/2021;13;4;40.000Z;40;0;;;14:4:39:858;14;4;39;858;;;;;142
10/12/2021;13;4;39.885Z;39;885;;;14:4:39:742;14;4;39;742;;;;;143
10/12/2021;13;4;39.769Z;39;769;;;14:4:39:627;14;4;39;627;;;;;142
10/12/2021;13;4;39.654Z;39;654;;;14:4:39:512;14;4;39;512;;;;;142
10/12/2021;13;4;39.537Z;39;537;;;14:4:39:400;14;4;39;400;;;;;137
10/12/2021;13;4;39.428Z;39;428;;;14:4:39:286;14;4;39;286;;;;;142
10/12/2021;13;4;39.313Z;39;313;;;14:4:39:167;14;4;39;167;;;;;146
10/12/2021;13;4;39.194Z;39;194;;;14:4:39:50;14;4;39;50;;;;;144
10/12/2021;13;4;39.078Z;39;78;;;14:4:38:934;14;4;38;934;;;;;144
10/12/2021;13;4;38.961Z;38;961;;;14:4:38:815;14;4;38;815;;;;;146
10/12/2021;13;4;38.842Z;38;842;;;14:4:38:699;14;4;38;699;;;;;143
10/12/2021;13;4;38.726Z;38;726;;;14:4:38:583;14;4;38;583;;;;;143
10/12/2021;13;4;38.611Z;38;611;;;14:4:38:468;14;4;38;468;;;;;143
10/12/2021;13;4;38.496Z;38;496;;;14:4:38:353;14;4;38;353;;;;;143
10/12/2021;13;4;38.380Z;38;380;;;14:4:38:237;14;4;38;237;;;;;143
10/12/2021;13;4;38.261Z;38;261;;;14:4:38:117;14;4;38;117;;;;;144
10/12/2021;13;4;38.144Z;38;144;;;14:4:37:999;14;4;37;999;;;;;145
10/12/2021;13;4;38.027Z;38;27;;;14:4:37:883;14;4;37;883;;;;;144
10/12/2021;13;4;37.911Z;37;911;;;14:4:37:769;14;4;37;769;;;;;142
10/12/2021;13;4;37.797Z;37;797;;;14:4:37:659;14;4;37;659;;;;;138
10/12/2021;13;4;37.687Z;37;687;;;14:4:37:545;14;4;37;545;;;;;142
10/12/2021;13;4;37.574Z;37;574;;;14:4:37:432;14;4;37;432;;;;;142
10/12/2021;13;4;37.461Z;37;461;;;14:4:37:319;14;4;37;319;;;;;142
10/12/2021;13;4;37.347Z;37;347;;;14:4:37:206;14;4;37;206;;;;;141
10/12/2021;13;4;37.235Z;37;235;;;14:4:37:93;14;4;37;93;;;;;142
10/12/2021;13;4;37.122Z;37;122;;;14:4:36:979;14;4;36;979;;;;;143
10/12/2021;13;4;37.008Z;37;8;;;14:4:36:866;14;4;36;866;;;;;142
10/12/2021;13;4;36.895Z;36;895;;;14:4:36:753;14;4;36;753;;;;;142
10/12/2021;13;4;36.781Z;36;781;;;14:4:36:639;14;4;36;639;;;;;142
10/12/2021;13;4;36.668Z;36;668;;;14:4:36:526;14;4;36;526;;;;;142
10/12/2021;13;4;36.555Z;36;555;;;14:4:36:412;14;4;36;412;;;;;143
10/12/2021;13;4;36.442Z;36;442;;;14:4:36:299;14;4;36;299;;;;;143
10/12/2021;13;4;36.328Z;36;328;;;14:4:36:184;14;4;36;184;;;;;144
10/12/2021;13;4;36.213Z;36;213;;;14:4:36:68;14;4;36;68;;;;;145
10/12/2021;13;4;36.097Z;36;97;;;14:4:35:857;14;4;35;857;;;;;240
10/12/2021;13;4;35.885Z;35;885;;;14:4:35:734;14;4;35;734;;;;;151
10/12/2021;13;4;35.762Z;35;762;;;14:4:35:619;14;4;35;619;;;;;143
10/12/2021;13;4;35.648Z;35;648;;;14:4:35:502;14;4;35;502;;;;;146
10/12/2021;13;4;35.530Z;35;530;;;14:4:35:389;14;4;35;389;;;;;141
10/12/2021;13;4;35.418Z;35;418;;;14:4:35:276;14;4;35;276;;;;;142
10/12/2021;13;4;35.304Z;35;304;;;14:4:35:162;14;4;35;162;;;;;142
10/12/2021;13;4;35.191Z;35;191;;;14:4:35:53;14;4;35;53;;;;;138
10/12/2021;13;4;35.079Z;35;79;;;14:4:34:937;14;4;34;937;;;;;142
10/12/2021;13;4;34.964Z;34;964;;;14:4:34:822;14;4;34;822;;;;;142
10/12/2021;13;4;34.850Z;34;850;;;14:4:34:708;14;4;34;708;;;;;142
10/12/2021;13;4;34.737Z;34;737;;;14:4:34:589;14;4;34;589;;;;;148
10/12/2021;13;4;34.618Z;34;618;;;14:4:34:475;14;4;34;475;;;;;143
10/12/2021;13;4;34.504Z;34;504;;;14:4:34:361;14;4;34;361;;;;;143
10/12/2021;13;4;34.390Z;34;390;;;14:4:34:247;14;4;34;247;;;;;143
10/12/2021;13;4;34.276Z;34;276;;;14:4:34:133;14;4;34;133;;;;;143
10/12/2021;13;4;34.161Z;34;161;;;14:4:34:6;14;4;34;6;;;;;155
10/12/2021;13;4;34.034Z;34;34;;;14:4:33:892;14;4;33;892;;;;;142
10/12/2021;13;4;33.921Z;33;921;;;14:4:33:777;14;4;33;777;;;;;144
10/12/2021;13;4;33.805Z;33;805;;;14:4:33:662;14;4;33;662;;;;;143
10/12/2021;13;4;33.691Z;33;691;;;14:4:33:542;14;4;33;542;;;;;149
10/12/2021;13;4;33.571Z;33;571;;;14:4:33:428;14;4;33;428;;;;;143
10/12/2021;13;4;33.456Z;33;456;;;14:4:33:313;14;4;33;313;;;;;143
10/12/2021;13;4;33.342Z;33;342;;;14:4:33:199;14;4;33;199;;;;;143
10/12/2021;13;4;33.228Z;33;228;;;14:4:33:85;14;4;33;85;;;;;143
10/12/2021;13;4;33.114Z;33;114;;;14:4:32:970;14;4;32;970;;;;;144
10/12/2021;13;4;32.999Z;32;999;;;14:4:32:855;14;4;32;855;;;;;144
10/12/2021;13;4;32.883Z;32;883;;;14:4:32:741;14;4;32;741;;;;;142
10/12/2021;13;4;32.770Z;32;770;;;14:4:32:631;14;4;32;631;;;;;139
10/12/2021;13;4;32.660Z;32;660;;;14:4:32:521;14;4;32;521;;;;;139
10/12/2021;13;4;32.554Z;32;554;;;14:4:32:415;14;4;32;415;;;;;139
10/12/2021;13;4;32.442Z;32;442;;;14:4:32:300;14;4;32;300;;;;;142
10/12/2021;13;4;32.328Z;32;328;;;14:4:32:185;14;4;32;185;;;;;143
10/12/2021;13;4;32.214Z;32;214;;;14:4:32:71;14;4;32;71;;;;;143
10/12/2021;13;4;32.100Z;32;100;;;14:4:31:960;14;4;31;960;;;;;140
10/12/2021;13;4;31.990Z;31;990;;;14:4:31:848;14;4;31;848;;;;;142
10/12/2021;13;4;31.870Z;31;870;;;14:4:31:727;14;4;31;727;;;;;143
10/12/2021;13;4;31.755Z;31;755;;;14:4:31:609;14;4;31;609;;;;;146
10/12/2021;13;4;31.637Z;31;637;;;14:4:31:481;14;4;31;481;;;;;156
10/12/2021;13;4;31.510Z;31;510;;;14:4:31:369;14;4;31;369;;;;;141
10/12/2021;13;4;31.397Z;31;397;;;14:4:31:253;14;4;31;253;;;;;144
10/12/2021;13;4;31.283Z;31;283;;;14:4:31:140;14;4;31;140;;;;;143
10/12/2021;13;4;31.169Z;31;169;;;14:4:31:26;14;4;31;26;;;;;143
10/12/2021;13;4;31.055Z;31;55;;;14:4:30:912;14;4;30;912;;;;;143
10/12/2021;13;4;30.941Z;30;941;;;14:4:30:798;14;4;30;798;;;;;143
10/12/2021;13;4;30.827Z;30;827;;;14:4:30:690;14;4;30;690;;;;;137
10/12/2021;13;4;30.718Z;30;718;;;14:4:30:576;14;4;30;576;;;;;142
10/12/2021;13;4;30.603Z;30;603;;;14:4:30:460;14;4;30;460;;;;;143
10/12/2021;13;4;30.488Z;30;488;;;14:4:30:346;14;4;30;346;;;;;142
10/12/2021;13;4;30.375Z;30;375;;;14:4:30:232;14;4;30;232;;;;;143
10/12/2021;13;4;30.261Z;30;261;;;14:4:30:30;14;4;30;30;;;;;231
10/12/2021;13;4;30.059Z;30;59;;;14:4:29:917;14;4;29;917;;;;;142
10/12/2021;13;4;29.945Z;29;945;;;14:4:29:803;14;4;29;803;;;;;142
10/12/2021;13;4;29.832Z;29;832;;;14:4:29:689;14;4;29;689;;;;;143
10/12/2021;13;4;29.718Z;29;718;;;14:4:29:576;14;4;29;576;;;;;142
10/12/2021;13;4;29.605Z;29;605;;;14:4:29:462;14;4;29;462;;;;;143
10/12/2021;13;4;29.490Z;29;490;;;14:4:29:348;14;4;29;348;;;;;142
10/12/2021;13;4;29.377Z;29;377;;;14:4:29:235;14;4;29;235;;;;;142
10/12/2021;13;4;29.263Z;29;263;;;14:4:29:121;14;4;29;121;;;;;142
10/12/2021;13;4;29.150Z;29;150;;;14:4:29:7;14;4;29;7;;;;;143
10/12/2021;13;4;29.036Z;29;36;;;14:4:28:893;14;4;28;893;;;;;143
10/12/2021;13;4;28.921Z;28;921;;;14:4:28:778;14;4;28;778;;;;;143
10/12/2021;13;4;28.807Z;28;807;;;14:4:28:664;14;4;28;664;;;;;143
10/12/2021;13;4;28.693Z;28;693;;;14:4:28:551;14;4;28;551;;;;;142
10/12/2021;13;4;28.580Z;28;580;;;14:4:28:438;14;4;28;438;;;;;142
10/12/2021;13;4;28.466Z;28;466;;;14:4:28:323;14;4;28;323;;;;;143
10/12/2021;13;4;28.351Z;28;351;;;14:4:28:207;14;4;28;207;;;;;144
10/12/2021;13;4;28.235Z;28;235;;;14:4:28:93;14;4;28;93;;;;;142
10/12/2021;13;4;28.120Z;28;120;;;14:4:27:978;14;4;27;978;;;;;142
10/12/2021;13;4;28.005Z;28;5;;;14:4:27:862;14;4;27;862;;;;;143
10/12/2021;13;4;27.890Z;27;890;;;14:4:27:747;14;4;27;747;;;;;143
10/12/2021;13;4;27.774Z;27;774;;;14:4:27:630;14;4;27;630;;;;;144
10/12/2021;13;4;27.658Z;27;658;;;14:4:27:513;14;4;27;513;;;;;145
10/12/2021;13;4;27.541Z;27;541;;;14:4:27:398;14;4;27;398;;;;;143
10/12/2021;13;4;27.426Z;27;426;;;14:4:27:283;14;4;27;283;;;;;143
10/12/2021;13;4;27.312Z;27;312;;;14:4:27:175;14;4;27;175;;;;;137
10/12/2021;13;4;27.187Z;27;187;;;14:4:27:45;14;4;27;45;;;;;142
10/12/2021;13;4;27.073Z;27;73;;;14:4:26:931;14;4;26;931;;;;;142
10/12/2021;13;4;26.960Z;26;960;;;14:4:26:819;14;4;26;819;;;;;141
10/12/2021;13;4;26.848Z;26;848;;;14:4:26:705;14;4;26;705;;;;;143
10/12/2021;13;4;26.733Z;26;733;;;14:4:26:590;14;4;26;590;;;;;143
10/12/2021;13;4;26.617Z;26;617;;;14:4:26:475;14;4;26;475;;;;;142
10/12/2021;13;4;26.503Z;26;503;;;14:4:26:362;14;4;26;362;;;;;141
10/12/2021;13;4;26.390Z;26;390;;;14:4:26:248;14;4;26;248;;;;;142
10/12/2021;13;4;26.276Z;26;276;;;14:4:26:134;14;4;26;134;;;;;142
10/12/2021;13;4;26.162Z;26;162;;;14:4:26:19;14;4;26;19;;;;;143
10/12/2021;13;4;26.047Z;26;47;;;14:4:25:905;14;4;25;905;;;;;142
10/12/2021;13;4;25.933Z;25;933;;;14:4:25:791;14;4;25;791;;;;;142
10/12/2021;13;4;25.818Z;25;818;;;14:4:25:677;14;4;25;677;;;;;141
10/12/2021;13;4;25.704Z;25;704;;;14:4:25:562;14;4;25;562;;;;;142
10/12/2021;13;4;25.590Z;25;590;;;14:4:25:452;14;4;25;452;;;;;138
10/12/2021;13;4;25.479Z;25;479;;;14:4:25:338;14;4;25;338;;;;;141
10/12/2021;13;4;25.365Z;25;365;;;14:4:25:223;14;4;25;223;;;;;142
10/12/2021;13;4;25.251Z;25;251;;;14:4:25:108;14;4;25;108;;;;;143
10/12/2021;13;4;25.136Z;25;136;;;14:4:24:994;14;4;24;994;;;;;142
10/12/2021;13;4;25.022Z;25;22;;;14:4:24:880;14;4;24;880;;;;;142
10/12/2021;13;4;24.907Z;24;907;;;14:4:24:765;14;4;24;765;;;;;142
10/12/2021;13;4;24.793Z;24;793;;;14:4:24:650;14;4;24;650;;;;;143
10/12/2021;13;4;24.679Z;24;679;;;14:4:24:536;14;4;24;536;;;;;143
10/12/2021;13;4;24.564Z;24;564;;;14:4:24:422;14;4;24;422;;;;;142
10/12/2021;13;4;24.450Z;24;450;;;14:4:24:221;14;4;24;221;;;;;229
10/12/2021;13;4;24.249Z;24;249;;;14:4:24:107;14;4;24;107;;;;;142
10/12/2021;13;4;24.135Z;24;135;;;14:4:23:993;14;4;23;993;;;;;142
10/12/2021;13;4;24.020Z;24;20;;;14:4:23:878;14;4;23;878;;;;;142
10/12/2021;13;4;23.906Z;23;906;;;14:4:23:763;14;4;23;763;;;;;143
10/12/2021;13;4;23.790Z;23;790;;;14:4:23:651;14;4;23;651;;;;;139
10/12/2021;13;4;23.678Z;23;678;;;14:4:23:535;14;4;23;535;;;;;143
10/12/2021;13;4;23.563Z;23;563;;;14:4:23:420;14;4;23;420;;;;;143
10/12/2021;13;4;23.447Z;23;447;;;14:4:23:306;14;4;23;306;;;;;141
10/12/2021;13;4;23.333Z;23;333;;;14:4:23:183;14;4;23;183;;;;;150
10/12/2021;13;4;23.210Z;23;210;;;14:4:23:78;14;4;23;78;;;;;132
10/12/2021;13;4;23.108Z;23;108;;;14:4:22:969;14;4;22;969;;;;;139
10/12/2021;13;4;22.999Z;22;999;;;14:4:22:864;14;4;22;864;;;;;135
10/12/2021;13;4;22.891Z;22;891;;;14:4:22:747;14;4;22;747;;;;;144
10/12/2021;13;4;22.774Z;22;774;;;14:4:22:633;14;4;22;633;;;;;141
10/12/2021;13;4;22.661Z;22;661;;;14:4:22:520;14;4;22;520;;;;;141
10/12/2021;13;4;22.548Z;22;548;;;14:4:22:406;14;4;22;406;;;;;142
10/12/2021;13;4;22.433Z;22;433;;;14:4:22:289;14;4;22;289;;;;;144
10/12/2021;13;4;22.317Z;22;317;;;14:4:22:176;14;4;22;176;;;;;141
10/12/2021;13;4;22.196Z;22;196;;;14:4:22:34;14;4;22;34;;;;;162
10/12/2021;13;4;22.061Z;22;61;;;14:4:21:924;14;4;21;924;;;;;137
10/12/2021;13;4;21.951Z;21;951;;;14:4:21:810;14;4;21;810;;;;;141
10/12/2021;13;4;21.838Z;21;838;;;14:4:21:695;14;4;21;695;;;;;143
10/12/2021;13;4;21.722Z;21;722;;;14:4:21:581;14;4;21;581;;;;;141
10/12/2021;13;4;21.609Z;21;609;;;14:4:21:467;14;4;21;467;;;;;142
10/12/2021;13;4;21.496Z;21;496;;;14:4:21:355;14;4;21;355;;;;;141
10/12/2021;13;4;21.383Z;21;383;;;14:4:21:241;14;4;21;241;;;;;142
10/12/2021;13;4;21.269Z;21;269;;;14:4:21:128;14;4;21;128;;;;;141
10/12/2021;13;4;21.156Z;21;156;;;14:4:21:14;14;4;21;14;;;;;142
10/12/2021;13;4;21.041Z;21;41;;;14:4:20:899;14;4;20;899;;;;;142
10/12/2021;13;4;20.927Z;20;927;;;14:4:20:791;14;4;20;791;;;;;136
10/12/2021;13;4;20.822Z;20;822;;;14:4:20:691;14;4;20;691;;;;;131
10/12/2021;13;4;20.722Z;20;722;;;14:4:20:580;14;4;20;580;;;;;142
10/12/2021;13;4;20.607Z;20;607;;;14:4:20:464;14;4;20;464;;;;;143
10/12/2021;13;4;20.492Z;20;492;;;14:4:20:348;14;4;20;348;;;;;144
10/12/2021;13;4;20.375Z;20;375;;;14:4:20:236;14;4;20;236;;;;;139
10/12/2021;13;4;20.262Z;20;262;;;14:4:20:119;14;4;20;119;;;;;143
10/12/2021;13;4;20.145Z;20;145;;;14:4:20:6;14;4;20;6;;;;;139
10/12/2021;13;4;20.037Z;20;37;;;14:4:19:905;14;4;19;905;;;;;132
10/12/2021;13;4;19.937Z;19;937;;;14:4:19:794;14;4;19;794;;;;;143
10/12/2021;13;4;19.821Z;19;821;;;14:4:19:679;14;4;19;679;;;;;142
10/12/2021;13;4;19.707Z;19;707;;;14:4:19:564;14;4;19;564;;;;;143
10/12/2021;13;4;19.592Z;19;592;;;14:4:19:447;14;4;19;447;;;;;145
10/12/2021;13;4;19.475Z;19;475;;;14:4:19:338;14;4;19;338;;;;;137
10/12/2021;13;4;19.363Z;19;363;;;14:4:19:220;14;4;19;220;;;;;143
10/12/2021;13;4;19.247Z;19;247;;;14:4:19:105;14;4;19;105;;;;;142
10/12/2021;13;4;19.132Z;19;132;;;14:4:18:991;14;4;18;991;;;;;141
10/12/2021;13;4;19.018Z;19;18;;;14:4:18:874;14;4;18;874;;;;;144
10/12/2021;13;4;18.900Z;18;900;;;14:4:18:757;14;4;18;757;;;;;143
10/12/2021;13;4;18.784Z;18;784;;;14:4:18:642;14;4;18;642;;;;;142
10/12/2021;13;4;18.669Z;18;669;;;14:4:18:444;14;4;18;444;;;;;225
10/12/2021;13;4;18.472Z;18;472;;;14:4:18:326;14;4;18;326;;;;;146
10/12/2021;13;4;18.354Z;18;354;;;14:4:18:210;14;4;18;210;;;;;144
10/12/2021;13;4;18.235Z;18;235;;;14:4:18:93;14;4;18;93;;;;;142
10/12/2021;13;4;18.120Z;18;120;;;14:4:17:978;14;4;17;978;;;;;142
10/12/2021;13;4;18.006Z;18;6;;;14:4:17:864;14;4;17;864;;;;;142
10/12/2021;13;4;17.892Z;17;892;;;14:4:17:749;14;4;17;749;;;;;143
10/12/2021;13;4;17.777Z;17;777;;;14:4:17:634;14;4;17;634;;;;;143
10/12/2021;13;4;17.663Z;17;663;;;14:4:17:521;14;4;17;521;;;;;142
10/12/2021;13;4;17.549Z;17;549;;;14:4:17:406;14;4;17;406;;;;;143
10/12/2021;13;4;17.433Z;17;433;;;14:4:17:279;14;4;17;279;;;;;154
10/12/2021;13;4;17.307Z;17;307;;;14:4:17:165;14;4;17;165;;;;;142
10/12/2021;13;4;17.193Z;17;193;;;14:4:17:51;14;4;17;51;;;;;142
10/12/2021;13;4;17.078Z;17;78;;;14:4:16:936;14;4;16;936;;;;;142
10/12/2021;13;4;16.963Z;16;963;;;14:4:16:825;14;4;16;825;;;;;138
10/12/2021;13;4;16.852Z;16;852;;;14:4:16:711;14;4;16;711;;;;;141
10/12/2021;13;4;16.739Z;16;739;;;14:4:16:584;14;4;16;584;;;;;155
10/12/2021;13;4;16.612Z;16;612;;;14:4:16:470;14;4;16;470;;;;;142
10/12/2021;13;4;16.498Z;16;498;;;14:4:16:352;14;4;16;352;;;;;146
10/12/2021;13;4;16.380Z;16;380;;;14:4:16:237;14;4;16;237;;;;;143
10/12/2021;13;4;16.265Z;16;265;;;14:4:16:115;14;4;16;115;;;;;150
10/12/2021;13;4;16.144Z;16;144;;;14:4:16:2;14;4;16;2;;;;;142
10/12/2021;13;4;16.029Z;16;29;;;14:4:15:885;14;4;15;885;;;;;144
10/12/2021;13;4;15.908Z;15;908;;;14:4:15:766;14;4;15;766;;;;;142
10/12/2021;13;4;15.794Z;15;794;;;14:4:15:651;14;4;15;651;;;;;143
10/12/2021;13;4;15.679Z;15;679;;;14:4:15:538;14;4;15;538;;;;;141
10/12/2021;13;4;15.566Z;15;566;;;14:4:15:424;14;4;15;424;;;;;142
10/12/2021;13;4;15.452Z;15;452;;;14:4:15:310;14;4;15;310;;;;;142
10/12/2021;13;4;15.338Z;15;338;;;14:4:15:196;14;4;15;196;;;;;142
10/12/2021;13;4;15.224Z;15;224;;;14:4:15:82;14;4;15;82;;;;;142
10/12/2021;13;4;15.110Z;15;110;;;14:4:14:972;14;4;14;972;;;;;138
10/12/2021;13;4;15.000Z;15;0;;;14:4:14:857;14;4;14;857;;;;;143
10/12/2021;13;4;14.884Z;14;884;;;14:4:14:740;14;4;14;740;;;;;144
10/12/2021;13;4;14.767Z;14;767;;;14:4:14:625;14;4;14;625;;;;;142
10/12/2021;13;4;14.653Z;14;653;;;14:4:14:508;14;4;14;508;;;;;145
10/12/2021;13;4;14.536Z;14;536;;;14:4:14:394;14;4;14;394;;;;;142
10/12/2021;13;4;14.422Z;14;422;;;14:4:14:279;14;4;14;279;;;;;143
10/12/2021;13;4;14.303Z;14;303;;;14:4:14:160;14;4;14;160;;;;;143
10/12/2021;13;4;14.188Z;14;188;;;14:4:14:46;14;4;14;46;;;;;142
10/12/2021;13;4;14.056Z;14;56;;;14:4:13:914;14;4;13;914;;;;;142
10/12/2021;13;4;13.942Z;13;942;;;14:4:13:797;14;4;13;797;;;;;145
10/12/2021;13;4;13.826Z;13;826;;;14:4:13:684;14;4;13;684;;;;;142
10/12/2021;13;4;13.708Z;13;708;;;14:4:13:564;14;4;13;564;;;;;144
10/12/2021;13;4;13.574Z;13;574;;;14:4:13:407;14;4;13;407;;;;;167
10/12/2021;13;4;13.434Z;13;434;;;14:4:13:291;14;4;13;291;;;;;143
10/12/2021;13;4;13.316Z;13;316;;;14:4:13:161;14;4;13;161;;;;;155
10/12/2021;13;4;13.188Z;13;188;;;14:4:13:19;14;4;13;19;;;;;169
10/12/2021;13;4;13.031Z;13;31;;;14:4:12:864;14;4;12;864;;;;;167
10/12/2021;13;4;12.866Z;12;866;;;14:4:12:695;14;4;12;695;;;;;171
10/12/2021;13;4;12.685Z;12;685;;;14:4:12:509;14;4;12;509;;;;;176
10/12/2021;13;4;12.499Z;12;499;;;14:4:12:232;14;4;12;232;;;;;267
10/12/2021;13;4;12.260Z;12;260;;;14:4:12:118;14;4;12;118;;;;;142
10/12/2021;13;4;12.145Z;12;145;;;14:4:12:2;14;4;12;2;;;;;143
10/12/2021;13;4;12.030Z;12;30;;;14:4:11:887;14;4;11;887;;;;;143
10/12/2021;13;4;11.915Z;11;915;;;14:4:11:773;14;4;11;773;;;;;142
10/12/2021;13;4;11.802Z;11;802;;;14:4:11:656;14;4;11;656;;;;;146
10/12/2021;13;4;11.680Z;11;680;;;14:4:11:539;14;4;11;539;;;;;141
10/12/2021;13;4;11.565Z;11;565;;;14:4:11:424;14;4;11;424;;;;;141
10/12/2021;13;4;11.448Z;11;448;;;14:4:11:298;14;4;11;298;;;;;150
10/12/2021;13;4;11.326Z;11;326;;;14:4:11:184;14;4;11;184;;;;;142
10/12/2021;13;4;11.211Z;11;211;;;14:4:11:69;14;4;11;69;;;;;142
10/12/2021;13;4;11.095Z;11;95;;;14:4:10:956;14;4;10;956;;;;;139
10/12/2021;13;4;10.982Z;10;982;;;14:4:10:844;14;4;10;844;;;;;138
10/12/2021;13;4;10.872Z;10;872;;;14:4:10:730;14;4;10;730;;;;;142
10/12/2021;13;4;10.758Z;10;758;;;14:4:10:616;14;4;10;616;;;;;142
10/12/2021;13;4;10.642Z;10;642;;;14:4:10:499;14;4;10;499;;;;;143
10/12/2021;13;4;10.526Z;10;526;;;14:4:10:383;14;4;10;383;;;;;143
10/12/2021;13;4;10.411Z;10;411;;;14:4:10:269;14;4;10;269;;;;;142
10/12/2021;13;4;10.295Z;10;295;;;14:4:10:154;14;4;10;154;;;;;141
10/12/2021;13;4;10.182Z;10;182;;;14:4:10:39;14;4;10;39;;;;;143
10/12/2021;13;4;10.067Z;10;67;;;14:4:9:924;14;4;9;924;;;;;143
10/12/2021;13;4;09.952Z;9;952;;;14:4:9:796;14;4;9;796;;;;;156
10/12/2021;13;4;09.815Z;9;815;;;14:4:9:673;14;4;9;673;;;;;142
10/12/2021;13;4;09.701Z;9;701;;;14:4:9:559;14;4;9;559;;;;;142
10/12/2021;13;4;09.586Z;9;586;;;14:4:9:444;14;4;9;444;;;;;142
10/12/2021;13;4;09.471Z;9;471;;;14:4:9:328;14;4;9;328;;;;;143
10/12/2021;13;4;09.355Z;9;355;;;14:4:9:213;14;4;9;213;;;;;142
10/12/2021;13;4;09.241Z;9;241;;;14:4:9:98;14;4;9;98;;;;;143
10/12/2021;13;4;09.126Z;9;126;;;14:4:8:984;14;4;8;984;;;;;142
10/12/2021;13;4;09.011Z;9;11;;;14:4:8:866;14;4;8;866;;;;;145
10/12/2021;13;4;08.894Z;8;894;;;14:4:8:752;14;4;8;752;;;;;142
10/12/2021;13;4;08.779Z;8;779;;;14:4:8:636;14;4;8;636;;;;;143
10/12/2021;13;4;08.663Z;8;663;;;14:4:8:522;14;4;8;522;;;;;141
10/12/2021;13;4;08.548Z;8;548;;;14:4:8:406;14;4;8;406;;;;;142
10/12/2021;13;4;08.433Z;8;433;;;14:4:8:292;14;4;8;292;;;;;141
10/12/2021;13;4;08.320Z;8;320;;;14:4:8:177;14;4;8;177;;;;;143
10/12/2021;13;4;08.204Z;8;204;;;14:4:8:60;14;4;8;60;;;;;144
10/12/2021;13;4;08.088Z;8;88;;;14:4:7:945;14;4;7;945;;;;;143
10/12/2021;13;4;07.972Z;7;972;;;14:4:7:829;14;4;7;829;;;;;143
10/12/2021;13;4;07.857Z;7;857;;;14:4:7:718;14;4;7;718;;;;;139
10/12/2021;13;4;07.749Z;7;749;;;14:4:7:610;14;4;7;610;;;;;139
10/12/2021;13;4;07.631Z;7;631;;;14:4:7:488;14;4;7;488;;;;;143
10/12/2021;13;4;07.515Z;7;515;;;14:4:7:372;14;4;7;372;;;;;143
10/12/2021;13;4;07.399Z;7;399;;;14:4:7:257;14;4;7;257;;;;;142
10/12/2021;13;4;07.283Z;7;283;;;14:4:7:142;14;4;7;142;;;;;141
10/12/2021;13;4;07.170Z;7;170;;;14:4:7:28;14;4;7;28;;;;;142
10/12/2021;13;4;07.056Z;7;56;;;14:4:6:913;14;4;6;913;;;;;143
10/12/2021;13;4;06.940Z;6;940;;;14:4:6:797;14;4;6;797;;;;;143
10/12/2021;13;4;06.824Z;6;824;;;14:4:6:682;14;4;6;682;;;;;142
10/12/2021;13;4;06.709Z;6;709;;;14:4:6:567;14;4;6;567;;;;;142
10/12/2021;13;4;06.593Z;6;593;;;14:4:6:363;14;4;6;363;;;;;230
10/12/2021;13;4;06.391Z;6;391;;;14:4:6:250;14;4;6;250;;;;;141
10/12/2021;13;4;06.278Z;6;278;;;14:4:6:136;14;4;6;136;;;;;142
10/12/2021;13;4;06.164Z;6;164;;;14:4:6:20;14;4;6;20;;;;;144
10/12/2021;13;4;06.047Z;6;47;;;14:4:5:907;14;4;5;907;;;;;140
10/12/2021;13;4;05.935Z;5;935;;;14:4:5:795;14;4;5;795;;;;;140
10/12/2021;13;4;05.822Z;5;822;;;14:4:5:681;14;4;5;681;;;;;141
10/12/2021;13;4;05.708Z;5;708;;;14:4:5:564;14;4;5;564;;;;;144
10/12/2021;13;4;05.592Z;5;592;;;14:4:5:450;14;4;5;450;;;;;142
10/12/2021;13;4;05.478Z;5;478;;;14:4:5:336;14;4;5;336;;;;;142
10/12/2021;13;4;05.363Z;5;363;;;14:4:5:221;14;4;5;221;;;;;142
10/12/2021;13;4;05.248Z;5;248;;;14:4:5:105;14;4;5;105;;;;;143
10/12/2021;13;4;05.133Z;5;133;;;14:4:4:992;14;4;4;992;;;;;141
10/12/2021;13;4;05.020Z;5;20;;;14:4:4:878;14;4;4;878;;;;;142
10/12/2021;13;4;04.906Z;4;906;;;14:4:4:765;14;4;4;765;;;;;141
10/12/2021;13;4;04.793Z;4;793;;;14:4:4:652;14;4;4;652;;;;;141
10/12/2021;13;4;04.680Z;4;680;;;14:4:4:538;14;4;4;538;;;;;142
10/12/2021;13;4;04.566Z;4;566;;;14:4:4:425;14;4;4;425;;;;;141
10/12/2021;13;4;04.453Z;4;453;;;14:4:4:312;14;4;4;312;;;;;141
10/12/2021;13;4;04.340Z;4;340;;;14:4:4:198;14;4;4;198;;;;;142
10/12/2021;13;4;04.226Z;4;226;;;14:4:4:85;14;4;4;85;;;;;141
10/12/2021;13;4;04.113Z;4;113;;;14:4:3:976;14;4;3;976;;;;;137
10/12/2021;13;4;04.008Z;4;8;;;14:4:3:856;14;4;3;856;;;;;152
10/12/2021;13;4;03.882Z;3;882;;;14:4:3:741;14;4;3;741;;;;;141
10/12/2021;13;4;03.767Z;3;767;;;14:4:3:625;14;4;3;625;;;;;142
10/12/2021;13;4;03.654Z;3;654;;;14:4:3:507;14;4;3;507;;;;;147
10/12/2021;13;4;03.525Z;3;525;;;14:4:3:383;14;4;3;383;;;;;142
10/12/2021;13;4;03.411Z;3;411;;;14:4:3:268;14;4;3;268;;;;;143
10/12/2021;13;4;03.296Z;3;296;;;14:4:3:152;14;4;3;152;;;;;144
10/12/2021;13;4;03.179Z;3;179;;;14:4:3:37;14;4;3;37;;;;;142
10/12/2021;13;4;03.065Z;3;65;;;14:4:2:927;14;4;2;927;;;;;138
10/12/2021;13;4;02.952Z;2;952;;;14:4:2:809;14;4;2;809;;;;;143
10/12/2021;13;4;02.837Z;2;837;;;14:4:2:696;14;4;2;696;;;;;141
10/12/2021;13;4;02.724Z;2;724;;;14:4:2:583;14;4;2;583;;;;;141
10/12/2021;13;4;02.612Z;2;612;;;14:4:2:471;14;4;2;471;;;;;141
10/12/2021;13;4;02.499Z;2;499;;;14:4:2:361;14;4;2;361;;;;;138
10/12/2021;13;4;02.388Z;2;388;;;14:4:2:239;14;4;2;239;;;;;149
10/12/2021;13;4;02.262Z;2;262;;;14:4:2:118;14;4;2;118;;;;;144
10/12/2021;13;4;02.146Z;2;146;;;14:4:2:4;14;4;2;4;;;;;142
10/12/2021;13;4;02.032Z;2;32;;;14:4:1:891;14;4;1;891;;;;;141
10/12/2021;13;4;01.919Z;1;919;;;14:4:1:776;14;4;1;776;;;;;143
10/12/2021;13;4;01.804Z;1;804;;;14:4:1:663;14;4;1;663;;;;;141
10/12/2021;13;4;01.691Z;1;691;;;14:4:1:549;14;4;1;549;;;;;142
10/12/2021;13;4;01.579Z;1;579;;;14:4:1:437;14;4;1;437;;;;;142
10/12/2021;13;4;01.465Z;1;465;;;14:4:1:327;14;4;1;327;;;;;138
10/12/2021;13;4;01.355Z;1;355;;;14:4:1:213;14;4;1;213;;;;;142
10/12/2021;13;4;01.242Z;1;242;;;14:4:1:100;14;4;1;100;;;;;142
10/12/2021;13;4;01.129Z;1;129;;;14:4:0:987;14;4;0;987;;;;;142
10/12/2021;13;4;01.015Z;1;15;;;14:4:0:874;14;4;0;874;;;;;141
10/12/2021;13;4;00.903Z;0;903;;;14:4:0:761;14;4;0;761;;;;;142
10/12/2021;13;4;00.788Z;0;788;;;14:4:0:542;14;4;0;542;;;;;246
10/12/2021;13;4;00.570Z;0;570;;;14:4:0:427;14;4;0;427;;;;;143
10/12/2021;13;4;00.455Z;0;455;;;14:4:0:314;14;4;0;314;;;;;141
10/12/2021;13;4;00.342Z;0;342;;;14:4:0:201;14;4;0;201;;;;;141
10/12/2021;13;4;00.229Z;0;229;;;14:4:0:88;14;4;0;88;;;;;141
10/12/2021;13;4;00.117Z;0;117;;;14:3:59:975;14;3;59;975;;;;;142
10/12/2021;13;4;00.003Z;0;3;;;14:3:59:861;14;3;59;861;;;;;142
10/12/2021;13;3;59.890Z;59;890;;;14:3:59:748;14;3;59;748;;;;;142
10/12/2021;13;3;59.776Z;59;776;;;14:3:59:635;14;3;59;635;;;;;141
10/12/2021;13;3;59.663Z;59;663;;;14:3:59:522;14;3;59;522;;;;;141
10/12/2021;13;3;59.551Z;59;551;;;14:3:59:407;14;3;59;407;;;;;144
10/12/2021;13;3;59.413Z;59;413;;;14:3:59:264;14;3;59;264;;;;;149
10/12/2021;13;3;59.290Z;59;290;;;14:3:59:147;14;3;59;147;;;;;143
10/12/2021;13;3;59.175Z;59;175;;;14:3:59:33;14;3;59;33;;;;;142
10/12/2021;13;3;59.062Z;59;62;;;14:3:58:919;14;3;58;919;;;;;143
10/12/2021;13;3;58.947Z;58;947;;;14:3:58:805;14;3;58;805;;;;;142
10/12/2021;13;3;58.832Z;58;832;;;14:3:58:689;14;3;58;689;;;;;143
10/12/2021;13;3;58.717Z;58;717;;;14:3:58:575;14;3;58;575;;;;;142
10/12/2021;13;3;58.604Z;58;604;;;14:3:58:461;14;3;58;461;;;;;143
10/12/2021;13;3;58.489Z;58;489;;;14:3:58:347;14;3;58;347;;;;;142
10/12/2021;13;3;58.375Z;58;375;;;14:3:58:232;14;3;58;232;;;;;143
10/12/2021;13;3;58.261Z;58;261;;;14:3:58:116;14;3;58;116;;;;;145
10/12/2021;13;3;58.144Z;58;144;;;14:3:57:999;14;3;57;999;;;;;145
10/12/2021;13;3;58.028Z;58;28;;;14:3:57:885;14;3;57;885;;;;;143
10/12/2021;13;3;57.913Z;57;913;;;14:3:57:772;14;3;57;772;;;;;141
10/12/2021;13;3;57.800Z;57;800;;;14:3:57:659;14;3;57;659;;;;;141
10/12/2021;13;3;57.687Z;57;687;;;14:3:57:544;14;3;57;544;;;;;143
10/12/2021;13;3;57.572Z;57;572;;;14:3:57:429;14;3;57;429;;;;;143
10/12/2021;13;3;57.457Z;57;457;;;14:3:57:314;14;3;57;314;;;;;143
10/12/2021;13;3;57.342Z;57;342;;;14:3:57:201;14;3;57;201;;;;;141
10/12/2021;13;3;57.232Z;57;232;;;14:3:57:94;14;3;57;94;;;;;138
10/12/2021;13;3;57.121Z;57;121;;;14:3:56:979;14;3;56;979;;;;;142
10/12/2021;13;3;57.007Z;57;7;;;14:3:56:868;14;3;56;868;;;;;139
10/12/2021;13;3;56.900Z;56;900;;;14:3:56:758;14;3;56;758;;;;;142
10/12/2021;13;3;56.786Z;56;786;;;14:3:56:644;14;3;56;644;;;;;142
10/12/2021;13;3;56.673Z;56;673;;;14:3:56:531;14;3;56;531;;;;;142
10/12/2021;13;3;56.558Z;56;558;;;14:3:56:415;14;3;56;415;;;;;143
10/12/2021;13;3;56.443Z;56;443;;;14:3:56:300;14;3;56;300;;;;;143
10/12/2021;13;3;56.328Z;56;328;;;14:3:56:185;14;3;56;185;;;;;143
10/12/2021;13;3;56.213Z;56;213;;;14:3:56:71;14;3;56;71;;;;;142
10/12/2021;13;3;56.099Z;56;99;;;14:3:55:955;14;3;55;955;;;;;144
10/12/2021;13;3;55.983Z;55;983;;;14:3:55:841;14;3;55;841;;;;;142
10/12/2021;13;3;55.869Z;55;869;;;14:3:55:732;14;3;55;732;;;;;137
10/12/2021;13;3;55.759Z;55;759;;;14:3:55:617;14;3;55;617;;;;;142
10/12/2021;13;3;55.645Z;55;645;;;14:3:55:502;14;3;55;502;;;;;143
10/12/2021;13;3;55.530Z;55;530;;;14:3:55:387;14;3;55;387;;;;;143
10/12/2021;13;3;55.414Z;55;414;;;14:3:55:272;14;3;55;272;;;;;142
10/12/2021;13;3;55.299Z;55;299;;;14:3:55:156;14;3;55;156;;;;;143
10/12/2021;13;3;55.179Z;55;179;;;14:3:55:36;14;3;55;36;;;;;143
10/12/2021;13;3;55.065Z;55;65;;;14:3:54:922;14;3;54;922;;;;;143
10/12/2021;13;3;54.950Z;54;950;;;14:3:54:719;14;3;54;719;;;;;231
10/12/2021;13;3;54.747Z;54;747;;;14:3:54:605;14;3;54;605;;;;;142
10/12/2021;13;3;54.633Z;54;633;;;14:3:54:490;14;3;54;490;;;;;143
10/12/2021;13;3;54.518Z;54;518;;;14:3:54:375;14;3;54;375;;;;;143
10/12/2021;13;3;54.404Z;54;404;;;14:3:54:261;14;3;54;261;;;;;143
10/12/2021;13;3;54.287Z;54;287;;;14:3:54:145;14;3;54;145;;;;;142
10/12/2021;13;3;54.173Z;54;173;;;14:3:54:31;14;3;54;31;;;;;142
10/12/2021;13;3;54.042Z;54;42;;;14:3:53:899;14;3;53;899;;;;;143
10/12/2021;13;3;53.928Z;53;928;;;14:3:53:785;14;3;53;785;;;;;143
10/12/2021;13;3;53.814Z;53;814;;;14:3:53:672;14;3;53;672;;;;;142
10/12/2021;13;3;53.700Z;53;700;;;14:3:53:559;14;3;53;559;;;;;141
10/12/2021;13;3;53.587Z;53;587;;;14:3:53:445;14;3;53;445;;;;;142
10/12/2021;13;3;53.470Z;53;470;;;14:3:53:328;14;3;53;328;;;;;142
10/12/2021;13;3;53.356Z;53;356;;;14:3:53:213;14;3;53;213;;;;;143
10/12/2021;13;3;53.241Z;53;241;;;14:3:53:99;14;3;53;99;;;;;142
10/12/2021;13;3;53.127Z;53;127;;;14:3:52:984;14;3;52;984;;;;;143
10/12/2021;13;3;53.013Z;53;13;;;14:3:52:871;14;3;52;871;;;;;142
10/12/2021;13;3;52.899Z;52;899;;;14:3:52:756;14;3;52;756;;;;;143
10/12/2021;13;3;52.784Z;52;784;;;14:3:52:642;14;3;52;642;;;;;142
10/12/2021;13;3;52.671Z;52;671;;;14:3:52:529;14;3;52;529;;;;;142
10/12/2021;13;3;52.557Z;52;557;;;14:3:52:415;14;3;52;415;;;;;142
10/12/2021;13;3;52.444Z;52;444;;;14:3:52:302;14;3;52;302;;;;;142
10/12/2021;13;3;52.330Z;52;330;;;14:3:52:189;14;3;52;189;;;;;141
10/12/2021;13;3;52.217Z;52;217;;;14:3:52:73;14;3;52;73;;;;;144
10/12/2021;13;3;52.100Z;52;100;;;14:3:51:966;14;3;51;966;;;;;134
10/12/2021;13;3;51.998Z;51;998;;;14:3:51:856;14;3;51;856;;;;;142
10/12/2021;13;3;51.883Z;51;883;;;14:3:51:742;14;3;51;742;;;;;141
10/12/2021;13;3;51.770Z;51;770;;;14:3:51:628;14;3;51;628;;;;;142
10/12/2021;13;3;51.657Z;51;657;;;14:3:51:520;14;3;51;520;;;;;137
10/12/2021;13;3;51.553Z;51;553;;;14:3:51:399;14;3;51;399;;;;;154
10/12/2021;13;3;51.427Z;51;427;;;14:3:51:285;14;3;51;285;;;;;142
10/12/2021;13;3;51.313Z;51;313;;;14:3:51:171;14;3;51;171;;;;;142
10/12/2021;13;3;51.199Z;51;199;;;14:3:51:56;14;3;51;56;;;;;143
10/12/2021;13;3;51.085Z;51;85;;;14:3:50:947;14;3;50;947;;;;;138
10/12/2021;13;3;50.978Z;50;978;;;14:3:50:845;14;3;50;845;;;;;133
10/12/2021;13;3;50.877Z;50;877;;;14:3:50:735;14;3;50;735;;;;;142
10/12/2021;13;3;50.763Z;50;763;;;14:3:50:625;14;3;50;625;;;;;138
10/12/2021;13;3;50.653Z;50;653;;;14:3:50:521;14;3;50;521;;;;;132
10/12/2021;13;3;50.554Z;50;554;;;14:3:50:419;14;3;50;419;;;;;135
10/12/2021;13;3;50.449Z;50;449;;;14:3:50:312;14;3;50;312;;;;;137
10/12/2021;13;3;50.345Z;50;345;;;14:3:50:211;14;3;50;211;;;;;134
10/12/2021;13;3;50.234Z;50;234;;;14:3:50:93;14;3;50;93;;;;;141
10/12/2021;13;3;50.119Z;50;119;;;14:3:49:976;14;3;49;976;;;;;143
10/12/2021;13;3;50.002Z;50;2;;;14:3:49:860;14;3;49;860;;;;;142
10/12/2021;13;3;49.888Z;49;888;;;14:3:49:746;14;3;49;746;;;;;142
10/12/2021;13;3;49.755Z;49;755;;;14:3:49:614;14;3;49;614;;;;;141
10/12/2021;13;3;49.642Z;49;642;;;14:3:49:500;14;3;49;500;;;;;142
10/12/2021;13;3;49.529Z;49;529;;;14:3:49:387;14;3;49;387;;;;;142
10/12/2021;13;3;49.415Z;49;415;;;14:3:49:272;14;3;49;272;;;;;143
10/12/2021;13;3;49.300Z;49;300;;;14:3:49:158;14;3;49;158;;;;;142
10/12/2021;13;3;49.181Z;49;181;;;14:3:48:957;14;3;48;957;;;;;224
10/12/2021;13;3;48.985Z;48;985;;;14:3:48:844;14;3;48;844;;;;;141
10/12/2021;13;3;48.872Z;48;872;;;14:3:48:729;14;3;48;729;;;;;143
10/12/2021;13;3;48.758Z;48;758;;;14:3:48:617;14;3;48;617;;;;;141
10/12/2021;13;3;48.645Z;48;645;;;14:3:48:504;14;3;48;504;;;;;141
10/12/2021;13;3;48.532Z;48;532;;;14:3:48:391;14;3;48;391;;;;;141
10/12/2021;13;3;48.419Z;48;419;;;14:3:48:283;14;3;48;283;;;;;136
10/12/2021;13;3;48.316Z;48;316;;;14:3:48:179;14;3;48;179;;;;;137
10/12/2021;13;3;48.208Z;48;208;;;14:3:48:66;14;3;48;66;;;;;142
10/12/2021;13;3;48.091Z;48;91;;;14:3:47:947;14;3;47;947;;;;;144
10/12/2021;13;3;47.976Z;47;976;;;14:3:47:835;14;3;47;835;;;;;141
10/12/2021;13;3;47.863Z;47;863;;;14:3:47:721;14;3;47;721;;;;;142
10/12/2021;13;3;47.750Z;47;750;;;14:3:47:617;14;3;47;617;;;;;133
10/12/2021;13;3;47.644Z;47;644;;;14:3:47:503;14;3;47;503;;;;;141
10/12/2021;13;3;47.532Z;47;532;;;14:3:47:393;14;3;47;393;;;;;139
10/12/2021;13;3;47.425Z;47;425;;;14:3:47:285;14;3;47;285;;;;;140
10/12/2021;13;3;47.314Z;47;314;;;14:3:47:173;14;3;47;173;;;;;141
10/12/2021;13;3;47.199Z;47;199;;;14:3:47:62;14;3;47;62;;;;;137
10/12/2021;13;3;47.094Z;47;94;;;14:3:46:952;14;3;46;952;;;;;142
10/12/2021;13;3;46.980Z;46;980;;;14:3:46:843;14;3;46;843;;;;;137
10/12/2021;13;3;46.872Z;46;872;;;14:3:46:735;14;3;46;735;;;;;137
10/12/2021;13;3;46.766Z;46;766;;;14:3:46:630;14;3;46;630;;;;;136
10/12/2021;13;3;46.662Z;46;662;;;14:3:46:525;14;3;46;525;;;;;137
10/12/2021;13;3;46.557Z;46;557;;;14:3:46:415;14;3;46;415;;;;;142
10/12/2021;13;3;46.443Z;46;443;;;14:3:46:307;14;3;46;307;;;;;136
10/12/2021;13;3;46.340Z;46;340;;;14:3:46:199;14;3;46;199;;;;;141
10/12/2021;13;3;46.227Z;46;227;;;14:3:46:86;14;3;46;86;;;;;141
10/12/2021;13;3;46.113Z;46;113;;;14:3:45:972;14;3;45;972;;;;;141
10/12/2021;13;3;46.000Z;46;0;;;14:3:45:859;14;3;45;859;;;;;141
10/12/2021;13;3;45.888Z;45;888;;;14:3:45:746;14;3;45;746;;;;;142
10/12/2021;13;3;45.774Z;45;774;;;14:3:45:632;14;3;45;632;;;;;142
10/12/2021;13;3;45.661Z;45;661;;;14:3:45:519;14;3;45;519;;;;;142
10/12/2021;13;3;45.548Z;45;548;;;14:3:45:407;14;3;45;407;;;;;141
10/12/2021;13;3;45.431Z;45;431;;;14:3:45:269;14;3;45;269;;;;;162
10/12/2021;13;3;45.298Z;45;298;;;14:3:45:157;14;3;45;157;;;;;141
10/12/2021;13;3;45.186Z;45;186;;;14:3:45:42;14;3;45;42;;;;;144
10/12/2021;13;3;45.070Z;45;70;;;14:3:44:926;14;3;44;926;;;;;144
10/12/2021;13;3;44.954Z;44;954;;;14:3:44:809;14;3;44;809;;;;;145
10/12/2021;13;3;44.837Z;44;837;;;14:3:44:695;14;3;44;695;;;;;142
10/12/2021;13;3;44.722Z;44;722;;;14:3:44:581;14;3;44;581;;;;;141
10/12/2021;13;3;44.607Z;44;607;;;14:3:44:463;14;3;44;463;;;;;144
10/12/2021;13;3;44.491Z;44;491;;;14:3:44:351;14;3;44;351;;;;;140
10/12/2021;13;3;44.379Z;44;379;;;14:3:44:239;14;3;44;239;;;;;140
10/12/2021;13;3;44.267Z;44;267;;;14:3:44:126;14;3;44;126;;;;;141
10/12/2021;13;3;44.154Z;44;154;;;14:3:44:13;14;3;44;13;;;;;141
10/12/2021;13;3;44.042Z;44;42;;;14:3:43:895;14;3;43;895;;;;;147
10/12/2021;13;3;43.922Z;43;922;;;14:3:43:775;14;3;43;775;;;;;147
10/12/2021;13;3;43.803Z;43;803;;;14:3:43:662;14;3;43;662;;;;;141
10/12/2021;13;3;43.690Z;43;690;;;14:3:43:548;14;3;43;548;;;;;142
10/12/2021;13;3;43.575Z;43;575;;;14:3:43:433;14;3;43;433;;;;;142
10/12/2021;13;3;43.461Z;43;461;;;14:3:43:228;14;3;43;228;;;;;233
