_id,timestamp
61b350df3fe64d06235e9139,2021-12-10T13:06:39.337Z
61b350df3fe64d06235e9138,2021-12-10T13:06:39.219Z
61b350df3fe64d06235e9137,2021-12-10T13:06:39.101Z
61b350de3fe64d06235e9136,2021-12-10T13:06:38.983Z
61b350de3fe64d06235e9135,2021-12-10T13:06:38.864Z
61b350de3fe64d06235e9134,2021-12-10T13:06:38.746Z
61b350de3fe64d06235e9133,2021-12-10T13:06:38.627Z
61b350de3fe64d06235e9132,2021-12-10T13:06:38.509Z
61b350de3fe64d06235e9131,2021-12-10T13:06:38.392Z
61b350de3fe64d06235e9130,2021-12-10T13:06:38.274Z
61b350de3fe64d06235e912f,2021-12-10T13:06:38.156Z
61b350de3fe64d06235e912e,2021-12-10T13:06:38.039Z
61b350dd3fe64d06235e912d,2021-12-10T13:06:37.921Z
61b350dd3fe64d06235e912c,2021-12-10T13:06:37.803Z
61b350dd3fe64d06235e912b,2021-12-10T13:06:37.685Z
61b350dd3fe64d06235e912a,2021-12-10T13:06:37.567Z
61b350dd3fe64d06235e9129,2021-12-10T13:06:37.449Z
61b350dd3fe64d06235e9128,2021-12-10T13:06:37.330Z
61b350dd3fe64d06235e9127,2021-12-10T13:06:37.213Z
61b350dd3fe64d06235e9126,2021-12-10T13:06:37.087Z
61b350dc3fe64d06235e9125,2021-12-10T13:06:36.970Z
61b350dc3fe64d06235e9124,2021-12-10T13:06:36.853Z
61b350dc3fe64d06235e9123,2021-12-10T13:06:36.732Z
61b350dc3fe64d06235e9122,2021-12-10T13:06:36.613Z
61b350dc3fe64d06235e9121,2021-12-10T13:06:36.495Z
61b350dc3fe64d06235e9120,2021-12-10T13:06:36.378Z
61b350dc3fe64d06235e911f,2021-12-10T13:06:36.260Z
61b350dc3fe64d06235e911e,2021-12-10T13:06:36.141Z
61b350dc3fe64d06235e911d,2021-12-10T13:06:36.023Z
61b350db3fe64d06235e911c,2021-12-10T13:06:35.905Z
61b350db3fe64d06235e911b,2021-12-10T13:06:35.791Z
61b350db3fe64d06235e911a,2021-12-10T13:06:35.673Z
61b350db3fe64d06235e9119,2021-12-10T13:06:35.555Z
61b350db3fe64d06235e9118,2021-12-10T13:06:35.436Z
61b350db3fe64d06235e9117,2021-12-10T13:06:35.304Z
61b350db3fe64d06235e9116,2021-12-10T13:06:35.185Z
61b350db3fe64d06235e9115,2021-12-10T13:06:35.068Z
61b350da3fe64d06235e9114,2021-12-10T13:06:34.950Z
61b350da3fe64d06235e9113,2021-12-10T13:06:34.832Z
61b350da3fe64d06235e9112,2021-12-10T13:06:34.714Z
61b350da3fe64d06235e9111,2021-12-10T13:06:34.596Z
61b350da3fe64d06235e9110,2021-12-10T13:06:34.478Z
61b350da3fe64d06235e910f,2021-12-10T13:06:34.360Z
61b350da3fe64d06235e910e,2021-12-10T13:06:34.243Z
61b350da3fe64d06235e910d,2021-12-10T13:06:34.125Z
61b350da3fe64d06235e910c,2021-12-10T13:06:34.008Z
61b350d93fe64d06235e910b,2021-12-10T13:06:33.891Z
61b350d93fe64d06235e910a,2021-12-10T13:06:33.773Z
61b350d93fe64d06235e9109,2021-12-10T13:06:33.655Z
61b350d93fe64d06235e9108,2021-12-10T13:06:33.536Z
61b350d93fe64d06235e9107,2021-12-10T13:06:33.331Z
61b350d93fe64d06235e9106,2021-12-10T13:06:33.213Z
61b350d93fe64d06235e9105,2021-12-10T13:06:33.094Z
61b350d83fe64d06235e9104,2021-12-10T13:06:32.977Z
61b350d83fe64d06235e9103,2021-12-10T13:06:32.860Z
61b350d83fe64d06235e9102,2021-12-10T13:06:32.742Z
61b350d83fe64d06235e9101,2021-12-10T13:06:32.625Z
61b350d83fe64d06235e9100,2021-12-10T13:06:32.507Z
61b350d83fe64d06235e90ff,2021-12-10T13:06:32.391Z
61b350d83fe64d06235e90fe,2021-12-10T13:06:32.272Z
61b350d83fe64d06235e90fd,2021-12-10T13:06:32.159Z
61b350d83fe64d06235e90fc,2021-12-10T13:06:32.041Z
61b350d73fe64d06235e90fb,2021-12-10T13:06:31.925Z
61b350d73fe64d06235e90fa,2021-12-10T13:06:31.809Z
61b350d73fe64d06235e90f9,2021-12-10T13:06:31.693Z
61b350d73fe64d06235e90f8,2021-12-10T13:06:31.576Z
61b350d73fe64d06235e90f7,2021-12-10T13:06:31.459Z
61b350d73fe64d06235e90f6,2021-12-10T13:06:31.341Z
61b350d73fe64d06235e90f5,2021-12-10T13:06:31.223Z
61b350d73fe64d06235e90f4,2021-12-10T13:06:31.106Z
61b350d63fe64d06235e90f3,2021-12-10T13:06:30.988Z
61b350d63fe64d06235e90f2,2021-12-10T13:06:30.869Z
61b350d63fe64d06235e90f1,2021-12-10T13:06:30.751Z
61b350d63fe64d06235e90f0,2021-12-10T13:06:30.632Z
61b350d63fe64d06235e90ef,2021-12-10T13:06:30.515Z
61b350d63fe64d06235e90ee,2021-12-10T13:06:30.409Z
61b350d63fe64d06235e90ed,2021-12-10T13:06:30.298Z
61b350d63fe64d06235e90ec,2021-12-10T13:06:30.185Z
61b350d63fe64d06235e90eb,2021-12-10T13:06:30.067Z
61b350d53fe64d06235e90ea,2021-12-10T13:06:29.950Z
61b350d53fe64d06235e90e9,2021-12-10T13:06:29.833Z
61b350d53fe64d06235e90e8,2021-12-10T13:06:29.726Z
61b350d53fe64d06235e90e7,2021-12-10T13:06:29.609Z
61b350d53fe64d06235e90e6,2021-12-10T13:06:29.491Z
61b350d53fe64d06235e90e5,2021-12-10T13:06:29.373Z
61b350d53fe64d06235e90e4,2021-12-10T13:06:29.256Z
61b350d53fe64d06235e90e3,2021-12-10T13:06:29.146Z
61b350d53fe64d06235e90e2,2021-12-10T13:06:29.016Z
61b350d43fe64d06235e90e1,2021-12-10T13:06:28.899Z
61b350d43fe64d06235e90e0,2021-12-10T13:06:28.791Z
61b350d43fe64d06235e90df,2021-12-10T13:06:28.680Z
61b350d43fe64d06235e90de,2021-12-10T13:06:28.560Z
61b350d43fe64d06235e90dd,2021-12-10T13:06:28.455Z
61b350d43fe64d06235e90dc,2021-12-10T13:06:28.345Z
61b350d43fe64d06235e90db,2021-12-10T13:06:28.227Z
61b350d43fe64d06235e90da,2021-12-10T13:06:28.092Z
61b350d33fe64d06235e90d9,2021-12-10T13:06:27.979Z
61b350d33fe64d06235e90d8,2021-12-10T13:06:27.860Z
61b350d33fe64d06235e90d7,2021-12-10T13:06:27.754Z
61b350d33fe64d06235e90d6,2021-12-10T13:06:27.641Z
61b350d33fe64d06235e90d5,2021-12-10T13:06:27.443Z
61b350d33fe64d06235e90d4,2021-12-10T13:06:27.325Z
61b350d33fe64d06235e90d3,2021-12-10T13:06:27.214Z
61b350d33fe64d06235e90d2,2021-12-10T13:06:27.098Z
61b350d23fe64d06235e90d1,2021-12-10T13:06:26.982Z
61b350d23fe64d06235e90d0,2021-12-10T13:06:26.862Z
61b350d23fe64d06235e90cf,2021-12-10T13:06:26.745Z
61b350d23fe64d06235e90ce,2021-12-10T13:06:26.628Z
61b350d23fe64d06235e90cd,2021-12-10T13:06:26.510Z
61b350d23fe64d06235e90cc,2021-12-10T13:06:26.393Z
61b350d23fe64d06235e90cb,2021-12-10T13:06:26.276Z
61b350d23fe64d06235e90ca,2021-12-10T13:06:26.158Z
61b350d23fe64d06235e90c9,2021-12-10T13:06:26.040Z
61b350d13fe64d06235e90c8,2021-12-10T13:06:25.927Z
61b350d13fe64d06235e90c7,2021-12-10T13:06:25.813Z
61b350d13fe64d06235e90c6,2021-12-10T13:06:25.694Z
61b350d13fe64d06235e90c5,2021-12-10T13:06:25.574Z
61b350d13fe64d06235e90c4,2021-12-10T13:06:25.459Z
61b350d13fe64d06235e90c3,2021-12-10T13:06:25.350Z
61b350d13fe64d06235e90c2,2021-12-10T13:06:25.230Z
61b350d13fe64d06235e90c1,2021-12-10T13:06:25.115Z
61b350d13fe64d06235e90c0,2021-12-10T13:06:25.002Z
61b350d03fe64d06235e90bf,2021-12-10T13:06:24.883Z
61b350d03fe64d06235e90be,2021-12-10T13:06:24.765Z
61b350d03fe64d06235e90bd,2021-12-10T13:06:24.643Z
61b350d03fe64d06235e90bc,2021-12-10T13:06:24.526Z
61b350d03fe64d06235e90bb,2021-12-10T13:06:24.409Z
61b350d03fe64d06235e90ba,2021-12-10T13:06:24.293Z
61b350d03fe64d06235e90b9,2021-12-10T13:06:24.176Z
61b350d03fe64d06235e90b8,2021-12-10T13:06:24.057Z
61b350cf3fe64d06235e90b7,2021-12-10T13:06:23.939Z
61b350cf3fe64d06235e90b6,2021-12-10T13:06:23.821Z
61b350cf3fe64d06235e90b5,2021-12-10T13:06:23.705Z
61b350cf3fe64d06235e90b4,2021-12-10T13:06:23.587Z
61b350cf3fe64d06235e90b3,2021-12-10T13:06:23.467Z
61b350cf3fe64d06235e90b2,2021-12-10T13:06:23.349Z
61b350cf3fe64d06235e90b1,2021-12-10T13:06:23.232Z
61b350cf3fe64d06235e90b0,2021-12-10T13:06:23.115Z
61b350cf3fe64d06235e90af,2021-12-10T13:06:22.995Z
61b350ce3fe64d06235e90ae,2021-12-10T13:06:22.878Z
61b350ce3fe64d06235e90ad,2021-12-10T13:06:22.761Z
61b350ce3fe64d06235e90ac,2021-12-10T13:06:22.641Z
61b350ce3fe64d06235e90ab,2021-12-10T13:06:22.523Z
61b350ce3fe64d06235e90aa,2021-12-10T13:06:22.405Z
61b350ce3fe64d06235e90a9,2021-12-10T13:06:22.289Z
61b350ce3fe64d06235e90a8,2021-12-10T13:06:22.172Z
61b350ce3fe64d06235e90a7,2021-12-10T13:06:22.055Z
61b350cd3fe64d06235e90a6,2021-12-10T13:06:21.937Z
61b350cd3fe64d06235e90a5,2021-12-10T13:06:21.821Z
61b350cd3fe64d06235e90a4,2021-12-10T13:06:21.701Z
61b350cd3fe64d06235e90a3,2021-12-10T13:06:21.498Z
61b350cd3fe64d06235e90a2,2021-12-10T13:06:21.381Z
61b350cd3fe64d06235e90a1,2021-12-10T13:06:21.262Z
61b350cd3fe64d06235e90a0,2021-12-10T13:06:21.141Z
61b350cd3fe64d06235e909f,2021-12-10T13:06:21.031Z
61b350cc3fe64d06235e909e,2021-12-10T13:06:20.914Z
61b350cc3fe64d06235e909d,2021-12-10T13:06:20.797Z
61b350cc3fe64d06235e909c,2021-12-10T13:06:20.680Z
61b350cc3fe64d06235e909b,2021-12-10T13:06:20.563Z
61b350cc3fe64d06235e909a,2021-12-10T13:06:20.446Z
61b350cc3fe64d06235e9099,2021-12-10T13:06:20.330Z
61b350cc3fe64d06235e9098,2021-12-10T13:06:20.213Z
61b350cc3fe64d06235e9097,2021-12-10T13:06:20.097Z
61b350cb3fe64d06235e9096,2021-12-10T13:06:19.981Z
61b350cb3fe64d06235e9095,2021-12-10T13:06:19.864Z
61b350cb3fe64d06235e9094,2021-12-10T13:06:19.751Z
61b350cb3fe64d06235e9093,2021-12-10T13:06:19.634Z
61b350cb3fe64d06235e9092,2021-12-10T13:06:19.517Z
61b350cb3fe64d06235e9091,2021-12-10T13:06:19.400Z
61b350cb3fe64d06235e9090,2021-12-10T13:06:19.280Z
61b350cb3fe64d06235e908f,2021-12-10T13:06:19.162Z
61b350cb3fe64d06235e908e,2021-12-10T13:06:19.045Z
61b350ca3fe64d06235e908d,2021-12-10T13:06:18.920Z
61b350ca3fe64d06235e908c,2021-12-10T13:06:18.803Z
61b350ca3fe64d06235e908b,2021-12-10T13:06:18.687Z
61b350ca3fe64d06235e908a,2021-12-10T13:06:18.569Z
61b350ca3fe64d06235e9089,2021-12-10T13:06:18.452Z
61b350ca3fe64d06235e9088,2021-12-10T13:06:18.325Z
61b350ca3fe64d06235e9087,2021-12-10T13:06:18.208Z
61b350ca3fe64d06235e9086,2021-12-10T13:06:18.070Z
61b350c93fe64d06235e9085,2021-12-10T13:06:17.957Z
61b350c93fe64d06235e9084,2021-12-10T13:06:17.840Z
61b350c93fe64d06235e9083,2021-12-10T13:06:17.722Z
61b350c93fe64d06235e9082,2021-12-10T13:06:17.608Z
61b350c93fe64d06235e9081,2021-12-10T13:06:17.493Z
61b350c93fe64d06235e9080,2021-12-10T13:06:17.382Z
61b350c93fe64d06235e907f,2021-12-10T13:06:17.265Z
61b350c93fe64d06235e907e,2021-12-10T13:06:17.155Z
61b350c93fe64d06235e907d,2021-12-10T13:06:17.034Z
61b350c83fe64d06235e907c,2021-12-10T13:06:16.917Z
61b350c83fe64d06235e907b,2021-12-10T13:06:16.800Z
61b350c83fe64d06235e907a,2021-12-10T13:06:16.681Z
61b350c83fe64d06235e9079,2021-12-10T13:06:16.564Z
61b350c83fe64d06235e9078,2021-12-10T13:06:16.445Z
61b350c83fe64d06235e9077,2021-12-10T13:06:16.333Z
61b350c83fe64d06235e9076,2021-12-10T13:06:16.225Z
61b350c83fe64d06235e9075,2021-12-10T13:06:16.111Z
61b350c73fe64d06235e9074,2021-12-10T13:06:15.992Z
61b350c73fe64d06235e9073,2021-12-10T13:06:15.868Z
61b350c73fe64d06235e9072,2021-12-10T13:06:15.746Z
61b350c73fe64d06235e9071,2021-12-10T13:06:15.539Z
61b350c73fe64d06235e9070,2021-12-10T13:06:15.423Z
61b350c73fe64d06235e906f,2021-12-10T13:06:15.306Z
61b350c73fe64d06235e906e,2021-12-10T13:06:15.194Z
61b350c73fe64d06235e906d,2021-12-10T13:06:15.083Z
61b350c63fe64d06235e906c,2021-12-10T13:06:14.968Z
61b350c63fe64d06235e906b,2021-12-10T13:06:14.857Z
61b350c63fe64d06235e906a,2021-12-10T13:06:14.745Z
61b350c63fe64d06235e9069,2021-12-10T13:06:14.629Z
61b350c63fe64d06235e9068,2021-12-10T13:06:14.512Z
61b350c63fe64d06235e9067,2021-12-10T13:06:14.400Z
61b350c63fe64d06235e9066,2021-12-10T13:06:14.284Z
61b350c63fe64d06235e9065,2021-12-10T13:06:14.175Z
61b350c63fe64d06235e9064,2021-12-10T13:06:14.069Z
61b350c53fe64d06235e9063,2021-12-10T13:06:13.961Z
61b350c53fe64d06235e9062,2021-12-10T13:06:13.847Z
61b350c53fe64d06235e9061,2021-12-10T13:06:13.727Z
61b350c53fe64d06235e9060,2021-12-10T13:06:13.620Z
61b350c53fe64d06235e905f,2021-12-10T13:06:13.502Z
61b350c53fe64d06235e905e,2021-12-10T13:06:13.394Z
61b350c53fe64d06235e905d,2021-12-10T13:06:13.277Z
61b350c53fe64d06235e905c,2021-12-10T13:06:13.162Z
61b350c53fe64d06235e905b,2021-12-10T13:06:13.046Z
61b350c43fe64d06235e905a,2021-12-10T13:06:12.928Z
61b350c43fe64d06235e9059,2021-12-10T13:06:12.812Z
61b350c43fe64d06235e9058,2021-12-10T13:06:12.698Z
61b350c43fe64d06235e9057,2021-12-10T13:06:12.583Z
61b350c43fe64d06235e9056,2021-12-10T13:06:12.467Z
61b350c43fe64d06235e9055,2021-12-10T13:06:12.350Z
61b350c43fe64d06235e9054,2021-12-10T13:06:12.234Z
61b350c43fe64d06235e9053,2021-12-10T13:06:12.117Z
61b350c43fe64d06235e9052,2021-12-10T13:06:12.000Z
61b350c33fe64d06235e9051,2021-12-10T13:06:11.884Z
61b350c33fe64d06235e9050,2021-12-10T13:06:11.769Z
61b350c33fe64d06235e904f,2021-12-10T13:06:11.649Z
61b350c33fe64d06235e904e,2021-12-10T13:06:11.532Z
61b350c33fe64d06235e904d,2021-12-10T13:06:11.414Z
61b350c33fe64d06235e904c,2021-12-10T13:06:11.298Z
61b350c33fe64d06235e904b,2021-12-10T13:06:11.182Z
61b350c33fe64d06235e904a,2021-12-10T13:06:11.061Z
61b350c23fe64d06235e9049,2021-12-10T13:06:10.953Z
61b350c23fe64d06235e9048,2021-12-10T13:06:10.842Z
61b350c23fe64d06235e9047,2021-12-10T13:06:10.726Z
61b350c23fe64d06235e9046,2021-12-10T13:06:10.616Z
61b350c23fe64d06235e9045,2021-12-10T13:06:10.496Z
61b350c23fe64d06235e9044,2021-12-10T13:06:10.382Z
61b350c23fe64d06235e9043,2021-12-10T13:06:10.261Z
61b350c23fe64d06235e9042,2021-12-10T13:06:10.157Z
61b350c23fe64d06235e9041,2021-12-10T13:06:10.038Z
61b350c13fe64d06235e9040,2021-12-10T13:06:09.930Z
61b350c13fe64d06235e903f,2021-12-10T13:06:09.723Z
61b350c13fe64d06235e903e,2021-12-10T13:06:09.612Z
61b350c13fe64d06235e903d,2021-12-10T13:06:09.493Z
61b350c13fe64d06235e903c,2021-12-10T13:06:09.377Z
61b350c13fe64d06235e903b,2021-12-10T13:06:09.260Z
61b350c13fe64d06235e903a,2021-12-10T13:06:09.140Z
61b350c13fe64d06235e9039,2021-12-10T13:06:09.022Z
61b350c03fe64d06235e9038,2021-12-10T13:06:08.906Z
61b350c03fe64d06235e9037,2021-12-10T13:06:08.789Z
61b350c03fe64d06235e9036,2021-12-10T13:06:08.673Z
61b350c03fe64d06235e9035,2021-12-10T13:06:08.555Z
61b350c03fe64d06235e9034,2021-12-10T13:06:08.437Z
61b350c03fe64d06235e9033,2021-12-10T13:06:08.320Z
61b350c03fe64d06235e9032,2021-12-10T13:06:08.201Z
61b350c03fe64d06235e9031,2021-12-10T13:06:08.084Z
61b350bf3fe64d06235e9030,2021-12-10T13:06:07.968Z
61b350bf3fe64d06235e902f,2021-12-10T13:06:07.849Z
61b350bf3fe64d06235e902e,2021-12-10T13:06:07.733Z
61b350bf3fe64d06235e902d,2021-12-10T13:06:07.616Z
61b350bf3fe64d06235e902c,2021-12-10T13:06:07.499Z
61b350bf3fe64d06235e902b,2021-12-10T13:06:07.381Z
61b350bf3fe64d06235e902a,2021-12-10T13:06:07.265Z
61b350bf3fe64d06235e9029,2021-12-10T13:06:07.149Z
61b350bf3fe64d06235e9028,2021-12-10T13:06:07.033Z
61b350be3fe64d06235e9027,2021-12-10T13:06:06.919Z
61b350be3fe64d06235e9026,2021-12-10T13:06:06.804Z
61b350be3fe64d06235e9025,2021-12-10T13:06:06.680Z
61b350be3fe64d06235e9024,2021-12-10T13:06:06.560Z
61b350be3fe64d06235e9023,2021-12-10T13:06:06.442Z
61b350be3fe64d06235e9022,2021-12-10T13:06:06.325Z
61b350be3fe64d06235e9021,2021-12-10T13:06:06.208Z
61b350be3fe64d06235e9020,2021-12-10T13:06:06.092Z
61b350bd3fe64d06235e901f,2021-12-10T13:06:05.972Z
61b350bd3fe64d06235e901e,2021-12-10T13:06:05.856Z
61b350bd3fe64d06235e901d,2021-12-10T13:06:05.740Z
61b350bd3fe64d06235e901c,2021-12-10T13:06:05.626Z
61b350bd3fe64d06235e901b,2021-12-10T13:06:05.509Z
61b350bd3fe64d06235e901a,2021-12-10T13:06:05.392Z
61b350bd3fe64d06235e9019,2021-12-10T13:06:05.276Z
61b350bd3fe64d06235e9018,2021-12-10T13:06:05.158Z
61b350bd3fe64d06235e9017,2021-12-10T13:06:05.048Z
61b350bc3fe64d06235e9016,2021-12-10T13:06:04.934Z
61b350bc3fe64d06235e9015,2021-12-10T13:06:04.818Z
61b350bc3fe64d06235e9014,2021-12-10T13:06:04.708Z
61b350bc3fe64d06235e9013,2021-12-10T13:06:04.589Z
61b350bc3fe64d06235e9012,2021-12-10T13:06:04.473Z
61b350bc3fe64d06235e9011,2021-12-10T13:06:04.355Z
61b350bc3fe64d06235e9010,2021-12-10T13:06:04.236Z
61b350bc3fe64d06235e900f,2021-12-10T13:06:04.128Z
61b350bc3fe64d06235e900e,2021-12-10T13:06:04.023Z
61b350bb3fe64d06235e900d,2021-12-10T13:06:03.816Z
61b350bb3fe64d06235e900c,2021-12-10T13:06:03.707Z
61b350bb3fe64d06235e900b,2021-12-10T13:06:03.589Z
61b350bb3fe64d06235e900a,2021-12-10T13:06:03.474Z
61b350bb3fe64d06235e9009,2021-12-10T13:06:03.358Z
61b350bb3fe64d06235e9008,2021-12-10T13:06:03.239Z
61b350bb3fe64d06235e9007,2021-12-10T13:06:03.124Z
61b350bb3fe64d06235e9006,2021-12-10T13:06:03.008Z
61b350ba3fe64d06235e9005,2021-12-10T13:06:02.890Z
61b350ba3fe64d06235e9004,2021-12-10T13:06:02.774Z
61b350ba3fe64d06235e9003,2021-12-10T13:06:02.658Z
61b350ba3fe64d06235e9002,2021-12-10T13:06:02.539Z
61b350ba3fe64d06235e9001,2021-12-10T13:06:02.419Z
61b350ba3fe64d06235e9000,2021-12-10T13:06:02.304Z
61b350ba3fe64d06235e8fff,2021-12-10T13:06:02.187Z
61b350ba3fe64d06235e8ffe,2021-12-10T13:06:02.073Z
61b350b93fe64d06235e8ffd,2021-12-10T13:06:01.957Z
61b350b93fe64d06235e8ffc,2021-12-10T13:06:01.836Z
61b350b93fe64d06235e8ffb,2021-12-10T13:06:01.706Z
61b350b93fe64d06235e8ffa,2021-12-10T13:06:01.591Z
61b350b93fe64d06235e8ff9,2021-12-10T13:06:01.474Z
61b350b93fe64d06235e8ff8,2021-12-10T13:06:01.357Z
61b350b93fe64d06235e8ff7,2021-12-10T13:06:01.242Z
61b350b93fe64d06235e8ff6,2021-12-10T13:06:01.122Z
61b350b93fe64d06235e8ff5,2021-12-10T13:06:01.007Z
61b350b83fe64d06235e8ff4,2021-12-10T13:06:00.892Z
61b350b83fe64d06235e8ff3,2021-12-10T13:06:00.777Z
61b350b83fe64d06235e8ff2,2021-12-10T13:06:00.662Z
61b350b83fe64d06235e8ff1,2021-12-10T13:06:00.547Z
61b350b83fe64d06235e8ff0,2021-12-10T13:06:00.432Z
61b350b83fe64d06235e8fef,2021-12-10T13:06:00.316Z
61b350b83fe64d06235e8fee,2021-12-10T13:06:00.200Z
61b350b83fe64d06235e8fed,2021-12-10T13:06:00.083Z
61b350b73fe64d06235e8fec,2021-12-10T13:05:59.968Z
61b350b73fe64d06235e8feb,2021-12-10T13:05:59.847Z
61b350b73fe64d06235e8fea,2021-12-10T13:05:59.731Z
61b350b73fe64d06235e8fe9,2021-12-10T13:05:59.615Z
61b350b73fe64d06235e8fe8,2021-12-10T13:05:59.500Z
61b350b73fe64d06235e8fe7,2021-12-10T13:05:59.384Z
61b350b73fe64d06235e8fe6,2021-12-10T13:05:59.267Z
61b350b73fe64d06235e8fe5,2021-12-10T13:05:59.147Z
61b350b73fe64d06235e8fe4,2021-12-10T13:05:59.022Z
61b350b63fe64d06235e8fe3,2021-12-10T13:05:58.903Z
61b350b63fe64d06235e8fe2,2021-12-10T13:05:58.786Z
61b350b63fe64d06235e8fe1,2021-12-10T13:05:58.668Z
61b350b63fe64d06235e8fe0,2021-12-10T13:05:58.550Z
61b350b63fe64d06235e8fdf,2021-12-10T13:05:58.434Z
61b350b63fe64d06235e8fde,2021-12-10T13:05:58.318Z
61b350b63fe64d06235e8fdd,2021-12-10T13:05:58.188Z
61b350b63fe64d06235e8fdc,2021-12-10T13:05:58.070Z
61b350b53fe64d06235e8fdb,2021-12-10T13:05:57.866Z
61b350b53fe64d06235e8fda,2021-12-10T13:05:57.750Z
61b350b53fe64d06235e8fd9,2021-12-10T13:05:57.634Z
61b350b53fe64d06235e8fd8,2021-12-10T13:05:57.516Z
61b350b53fe64d06235e8fd7,2021-12-10T13:05:57.399Z
61b350b53fe64d06235e8fd6,2021-12-10T13:05:57.279Z
61b350b53fe64d06235e8fd5,2021-12-10T13:05:57.158Z
61b350b53fe64d06235e8fd4,2021-12-10T13:05:57.040Z
61b350b43fe64d06235e8fd3,2021-12-10T13:05:56.919Z
61b350b43fe64d06235e8fd2,2021-12-10T13:05:56.801Z
61b350b43fe64d06235e8fd1,2021-12-10T13:05:56.689Z
61b350b43fe64d06235e8fd0,2021-12-10T13:05:56.569Z
61b350b43fe64d06235e8fcf,2021-12-10T13:05:56.452Z
61b350b43fe64d06235e8fce,2021-12-10T13:05:56.332Z
61b350b43fe64d06235e8fcd,2021-12-10T13:05:56.216Z
61b350b43fe64d06235e8fcc,2021-12-10T13:05:56.112Z
61b350b43fe64d06235e8fcb,2021-12-10T13:05:55.995Z
61b350b33fe64d06235e8fca,2021-12-10T13:05:55.882Z
61b350b33fe64d06235e8fc9,2021-12-10T13:05:55.765Z
61b350b33fe64d06235e8fc8,2021-12-10T13:05:55.640Z
61b350b33fe64d06235e8fc7,2021-12-10T13:05:55.524Z
61b350b33fe64d06235e8fc6,2021-12-10T13:05:55.407Z
61b350b33fe64d06235e8fc5,2021-12-10T13:05:55.290Z
61b350b33fe64d06235e8fc4,2021-12-10T13:05:55.174Z
61b350b33fe64d06235e8fc3,2021-12-10T13:05:55.057Z
61b350b23fe64d06235e8fc2,2021-12-10T13:05:54.944Z
61b350b23fe64d06235e8fc1,2021-12-10T13:05:54.828Z
61b350b23fe64d06235e8fc0,2021-12-10T13:05:54.712Z
61b350b23fe64d06235e8fbf,2021-12-10T13:05:54.595Z
61b350b23fe64d06235e8fbe,2021-12-10T13:05:54.472Z
61b350b23fe64d06235e8fbd,2021-12-10T13:05:54.358Z
61b350b23fe64d06235e8fbc,2021-12-10T13:05:54.240Z
61b350b23fe64d06235e8fbb,2021-12-10T13:05:54.124Z
61b350b23fe64d06235e8fba,2021-12-10T13:05:54.008Z
61b350b13fe64d06235e8fb9,2021-12-10T13:05:53.891Z
61b350b13fe64d06235e8fb8,2021-12-10T13:05:53.774Z
61b350b13fe64d06235e8fb7,2021-12-10T13:05:53.657Z
61b350b13fe64d06235e8fb6,2021-12-10T13:05:53.539Z
61b350b13fe64d06235e8fb5,2021-12-10T13:05:53.430Z
61b350b13fe64d06235e8fb4,2021-12-10T13:05:53.313Z
61b350b13fe64d06235e8fb3,2021-12-10T13:05:53.201Z
61b350b13fe64d06235e8fb2,2021-12-10T13:05:53.085Z
61b350b03fe64d06235e8fb1,2021-12-10T13:05:52.969Z
61b350b03fe64d06235e8fb0,2021-12-10T13:05:52.865Z
61b350b03fe64d06235e8faf,2021-12-10T13:05:52.747Z
61b350b03fe64d06235e8fae,2021-12-10T13:05:52.642Z
61b350b03fe64d06235e8fad,2021-12-10T13:05:52.530Z
61b350b03fe64d06235e8fac,2021-12-10T13:05:52.410Z
61b350b03fe64d06235e8fab,2021-12-10T13:05:52.293Z
61b350b03fe64d06235e8faa,2021-12-10T13:05:52.175Z
61b350af3fe64d06235e8fa9,2021-12-10T13:05:51.935Z
61b350af3fe64d06235e8fa8,2021-12-10T13:05:51.817Z
61b350af3fe64d06235e8fa7,2021-12-10T13:05:51.699Z
61b350af3fe64d06235e8fa6,2021-12-10T13:05:51.582Z
61b350af3fe64d06235e8fa5,2021-12-10T13:05:51.466Z
61b350af3fe64d06235e8fa4,2021-12-10T13:05:51.354Z
61b350af3fe64d06235e8fa3,2021-12-10T13:05:51.232Z
61b350af3fe64d06235e8fa2,2021-12-10T13:05:51.112Z
61b350ae3fe64d06235e8fa1,2021-12-10T13:05:50.994Z
61b350ae3fe64d06235e8fa0,2021-12-10T13:05:50.886Z
61b350ae3fe64d06235e8f9f,2021-12-10T13:05:50.769Z
61b350ae3fe64d06235e8f9e,2021-12-10T13:05:50.652Z
61b350ae3fe64d06235e8f9d,2021-12-10T13:05:50.533Z
61b350ae3fe64d06235e8f9c,2021-12-10T13:05:50.416Z
61b350ae3fe64d06235e8f9b,2021-12-10T13:05:50.299Z
61b350ae3fe64d06235e8f9a,2021-12-10T13:05:50.183Z
61b350ae3fe64d06235e8f99,2021-12-10T13:05:50.066Z
61b350ad3fe64d06235e8f98,2021-12-10T13:05:49.949Z
61b350ad3fe64d06235e8f97,2021-12-10T13:05:49.832Z
61b350ad3fe64d06235e8f96,2021-12-10T13:05:49.713Z
61b350ad3fe64d06235e8f95,2021-12-10T13:05:49.596Z
61b350ad3fe64d06235e8f94,2021-12-10T13:05:49.480Z
61b350ad3fe64d06235e8f93,2021-12-10T13:05:49.362Z
61b350ad3fe64d06235e8f92,2021-12-10T13:05:49.244Z
61b350ad3fe64d06235e8f91,2021-12-10T13:05:49.128Z
61b350ad3fe64d06235e8f90,2021-12-10T13:05:49.020Z
61b350ac3fe64d06235e8f8f,2021-12-10T13:05:48.913Z
61b350ac3fe64d06235e8f8e,2021-12-10T13:05:48.787Z
61b350ac3fe64d06235e8f8d,2021-12-10T13:05:48.671Z
61b350ac3fe64d06235e8f8c,2021-12-10T13:05:48.555Z
61b350ac3fe64d06235e8f8b,2021-12-10T13:05:48.438Z
61b350ac3fe64d06235e8f8a,2021-12-10T13:05:48.321Z
61b350ac3fe64d06235e8f89,2021-12-10T13:05:48.205Z
61b350ac3fe64d06235e8f88,2021-12-10T13:05:48.088Z
61b350ab3fe64d06235e8f87,2021-12-10T13:05:47.976Z
61b350ab3fe64d06235e8f86,2021-12-10T13:05:47.865Z
61b350ab3fe64d06235e8f85,2021-12-10T13:05:47.749Z
61b350ab3fe64d06235e8f84,2021-12-10T13:05:47.624Z
61b350ab3fe64d06235e8f83,2021-12-10T13:05:47.465Z
61b350ab3fe64d06235e8f82,2021-12-10T13:05:47.349Z
61b350ab3fe64d06235e8f81,2021-12-10T13:05:47.242Z
61b350ab3fe64d06235e8f80,2021-12-10T13:05:47.126Z
61b350ab3fe64d06235e8f7f,2021-12-10T13:05:47.012Z
61b350aa3fe64d06235e8f7e,2021-12-10T13:05:46.896Z
61b350aa3fe64d06235e8f7d,2021-12-10T13:05:46.780Z
61b350aa3fe64d06235e8f7c,2021-12-10T13:05:46.664Z
61b350aa3fe64d06235e8f7b,2021-12-10T13:05:46.562Z
61b350aa3fe64d06235e8f7a,2021-12-10T13:05:46.447Z
61b350aa3fe64d06235e8f79,2021-12-10T13:05:46.331Z
61b350aa3fe64d06235e8f78,2021-12-10T13:05:46.216Z
61b350aa3fe64d06235e8f77,2021-12-10T13:05:46.013Z
61b350a93fe64d06235e8f76,2021-12-10T13:05:45.896Z
61b350a93fe64d06235e8f75,2021-12-10T13:05:45.780Z
61b350a93fe64d06235e8f74,2021-12-10T13:05:45.664Z
61b350a93fe64d06235e8f73,2021-12-10T13:05:45.546Z
61b350a93fe64d06235e8f72,2021-12-10T13:05:45.428Z
61b350a93fe64d06235e8f71,2021-12-10T13:05:45.312Z
61b350a93fe64d06235e8f70,2021-12-10T13:05:45.197Z
61b350a93fe64d06235e8f6f,2021-12-10T13:05:45.065Z
61b350a83fe64d06235e8f6e,2021-12-10T13:05:44.943Z
61b350a83fe64d06235e8f6d,2021-12-10T13:05:44.827Z
61b350a83fe64d06235e8f6c,2021-12-10T13:05:44.710Z
61b350a83fe64d06235e8f6b,2021-12-10T13:05:44.595Z
61b350a83fe64d06235e8f6a,2021-12-10T13:05:44.478Z
61b350a83fe64d06235e8f69,2021-12-10T13:05:44.361Z
61b350a83fe64d06235e8f68,2021-12-10T13:05:44.246Z
61b350a83fe64d06235e8f67,2021-12-10T13:05:44.130Z
61b350a83fe64d06235e8f66,2021-12-10T13:05:44.013Z
61b350a73fe64d06235e8f65,2021-12-10T13:05:43.897Z
61b350a73fe64d06235e8f64,2021-12-10T13:05:43.781Z
61b350a73fe64d06235e8f63,2021-12-10T13:05:43.666Z
61b350a73fe64d06235e8f62,2021-12-10T13:05:43.549Z
61b350a73fe64d06235e8f61,2021-12-10T13:05:43.435Z
61b350a73fe64d06235e8f60,2021-12-10T13:05:43.318Z
61b350a73fe64d06235e8f5f,2021-12-10T13:05:43.202Z
61b350a73fe64d06235e8f5e,2021-12-10T13:05:43.084Z
61b350a63fe64d06235e8f5d,2021-12-10T13:05:42.968Z
61b350a63fe64d06235e8f5c,2021-12-10T13:05:42.850Z
61b350a63fe64d06235e8f5b,2021-12-10T13:05:42.734Z
61b350a63fe64d06235e8f5a,2021-12-10T13:05:42.618Z
61b350a63fe64d06235e8f59,2021-12-10T13:05:42.513Z
61b350a63fe64d06235e8f58,2021-12-10T13:05:42.395Z
61b350a63fe64d06235e8f57,2021-12-10T13:05:42.280Z
61b350a63fe64d06235e8f56,2021-12-10T13:05:42.163Z
61b350a63fe64d06235e8f55,2021-12-10T13:05:42.051Z
61b350a53fe64d06235e8f54,2021-12-10T13:05:41.936Z
61b350a53fe64d06235e8f53,2021-12-10T13:05:41.830Z
61b350a53fe64d06235e8f52,2021-12-10T13:05:41.723Z
61b350a53fe64d06235e8f51,2021-12-10T13:05:41.617Z
61b350a53fe64d06235e8f50,2021-12-10T13:05:41.500Z
61b350a53fe64d06235e8f4f,2021-12-10T13:05:41.383Z
61b350a53fe64d06235e8f4e,2021-12-10T13:05:41.271Z
61b350a53fe64d06235e8f4d,2021-12-10T13:05:41.154Z
61b350a53fe64d06235e8f4c,2021-12-10T13:05:41.039Z
61b350a43fe64d06235e8f4b,2021-12-10T13:05:40.918Z
61b350a43fe64d06235e8f4a,2021-12-10T13:05:40.805Z
61b350a43fe64d06235e8f49,2021-12-10T13:05:40.688Z
61b350a43fe64d06235e8f48,2021-12-10T13:05:40.573Z
61b350a43fe64d06235e8f47,2021-12-10T13:05:40.457Z
61b350a43fe64d06235e8f46,2021-12-10T13:05:40.334Z
61b350a43fe64d06235e8f45,2021-12-10T13:05:40.141Z
61b350a43fe64d06235e8f44,2021-12-10T13:05:40.035Z
61b350a33fe64d06235e8f43,2021-12-10T13:05:39.927Z
61b350a33fe64d06235e8f42,2021-12-10T13:05:39.809Z
61b350a33fe64d06235e8f41,2021-12-10T13:05:39.694Z
61b350a33fe64d06235e8f40,2021-12-10T13:05:39.575Z
61b350a33fe64d06235e8f3f,2021-12-10T13:05:39.459Z
61b350a33fe64d06235e8f3e,2021-12-10T13:05:39.343Z
61b350a33fe64d06235e8f3d,2021-12-10T13:05:39.221Z
61b350a33fe64d06235e8f3c,2021-12-10T13:05:39.105Z
61b350a23fe64d06235e8f3b,2021-12-10T13:05:38.986Z
61b350a23fe64d06235e8f3a,2021-12-10T13:05:38.869Z
61b350a23fe64d06235e8f39,2021-12-10T13:05:38.753Z
61b350a23fe64d06235e8f38,2021-12-10T13:05:38.636Z
61b350a23fe64d06235e8f37,2021-12-10T13:05:38.519Z
61b350a23fe64d06235e8f36,2021-12-10T13:05:38.402Z
61b350a23fe64d06235e8f35,2021-12-10T13:05:38.286Z
61b350a23fe64d06235e8f34,2021-12-10T13:05:38.169Z
61b350a23fe64d06235e8f33,2021-12-10T13:05:38.054Z
61b350a13fe64d06235e8f32,2021-12-10T13:05:37.933Z
61b350a13fe64d06235e8f31,2021-12-10T13:05:37.814Z
61b350a13fe64d06235e8f30,2021-12-10T13:05:37.696Z
61b350a13fe64d06235e8f2f,2021-12-10T13:05:37.579Z
61b350a13fe64d06235e8f2e,2021-12-10T13:05:37.462Z
61b350a13fe64d06235e8f2d,2021-12-10T13:05:37.340Z
61b350a13fe64d06235e8f2c,2021-12-10T13:05:37.226Z
61b350a13fe64d06235e8f2b,2021-12-10T13:05:37.108Z
61b350a03fe64d06235e8f2a,2021-12-10T13:05:36.993Z
61b350a03fe64d06235e8f29,2021-12-10T13:05:36.876Z
61b350a03fe64d06235e8f28,2021-12-10T13:05:36.756Z
61b350a03fe64d06235e8f27,2021-12-10T13:05:36.621Z
61b350a03fe64d06235e8f26,2021-12-10T13:05:36.504Z
61b350a03fe64d06235e8f25,2021-12-10T13:05:36.386Z
61b350a03fe64d06235e8f24,2021-12-10T13:05:36.269Z
61b350a03fe64d06235e8f23,2021-12-10T13:05:36.152Z
61b350a03fe64d06235e8f22,2021-12-10T13:05:36.034Z
61b3509f3fe64d06235e8f21,2021-12-10T13:05:35.917Z
61b3509f3fe64d06235e8f20,2021-12-10T13:05:35.802Z
61b3509f3fe64d06235e8f1f,2021-12-10T13:05:35.684Z
61b3509f3fe64d06235e8f1e,2021-12-10T13:05:35.568Z
61b3509f3fe64d06235e8f1d,2021-12-10T13:05:35.456Z
61b3509f3fe64d06235e8f1c,2021-12-10T13:05:35.339Z
61b3509f3fe64d06235e8f1b,2021-12-10T13:05:35.220Z
61b3509f3fe64d06235e8f1a,2021-12-10T13:05:35.104Z
61b3509e3fe64d06235e8f19,2021-12-10T13:05:34.989Z
61b3509e3fe64d06235e8f18,2021-12-10T13:05:34.869Z
61b3509e3fe64d06235e8f17,2021-12-10T13:05:34.752Z
61b3509e3fe64d06235e8f16,2021-12-10T13:05:34.636Z
61b3509e3fe64d06235e8f15,2021-12-10T13:05:34.512Z
61b3509e3fe64d06235e8f14,2021-12-10T13:05:34.399Z
61b3509e3fe64d06235e8f13,2021-12-10T13:05:34.193Z
61b3509e3fe64d06235e8f12,2021-12-10T13:05:34.076Z
61b3509d3fe64d06235e8f11,2021-12-10T13:05:33.954Z
61b3509d3fe64d06235e8f10,2021-12-10T13:05:33.838Z
61b3509d3fe64d06235e8f0f,2021-12-10T13:05:33.718Z
61b3509d3fe64d06235e8f0e,2021-12-10T13:05:33.606Z
61b3509d3fe64d06235e8f0d,2021-12-10T13:05:33.490Z
61b3509d3fe64d06235e8f0c,2021-12-10T13:05:33.374Z
61b3509d3fe64d06235e8f0b,2021-12-10T13:05:33.259Z
61b3509d3fe64d06235e8f0a,2021-12-10T13:05:33.143Z
61b3509d3fe64d06235e8f09,2021-12-10T13:05:33.025Z
61b3509c3fe64d06235e8f08,2021-12-10T13:05:32.909Z
61b3509c3fe64d06235e8f07,2021-12-10T13:05:32.793Z
61b3509c3fe64d06235e8f06,2021-12-10T13:05:32.678Z
61b3509c3fe64d06235e8f05,2021-12-10T13:05:32.562Z
61b3509c3fe64d06235e8f04,2021-12-10T13:05:32.445Z
61b3509c3fe64d06235e8f03,2021-12-10T13:05:32.329Z
61b3509c3fe64d06235e8f02,2021-12-10T13:05:32.213Z
61b3509c3fe64d06235e8f01,2021-12-10T13:05:32.090Z
61b3509b3fe64d06235e8f00,2021-12-10T13:05:31.972Z
61b3509b3fe64d06235e8eff,2021-12-10T13:05:31.856Z
61b3509b3fe64d06235e8efe,2021-12-10T13:05:31.741Z
61b3509b3fe64d06235e8efd,2021-12-10T13:05:31.621Z
61b3509b3fe64d06235e8efc,2021-12-10T13:05:31.500Z
61b3509b3fe64d06235e8efb,2021-12-10T13:05:31.384Z
61b3509b3fe64d06235e8efa,2021-12-10T13:05:31.267Z
61b3509b3fe64d06235e8ef9,2021-12-10T13:05:31.151Z
61b3509b3fe64d06235e8ef8,2021-12-10T13:05:31.034Z
61b3509a3fe64d06235e8ef7,2021-12-10T13:05:30.918Z
61b3509a3fe64d06235e8ef6,2021-12-10T13:05:30.801Z
61b3509a3fe64d06235e8ef5,2021-12-10T13:05:30.682Z
61b3509a3fe64d06235e8ef4,2021-12-10T13:05:30.565Z
61b3509a3fe64d06235e8ef3,2021-12-10T13:05:30.449Z
61b3509a3fe64d06235e8ef2,2021-12-10T13:05:30.333Z
61b3509a3fe64d06235e8ef1,2021-12-10T13:05:30.216Z
61b3509a3fe64d06235e8ef0,2021-12-10T13:05:30.099Z
61b350993fe64d06235e8eef,2021-12-10T13:05:29.982Z
61b350993fe64d06235e8eee,2021-12-10T13:05:29.866Z
61b350993fe64d06235e8eed,2021-12-10T13:05:29.750Z
61b350993fe64d06235e8eec,2021-12-10T13:05:29.633Z
61b350993fe64d06235e8eeb,2021-12-10T13:05:29.517Z
61b350993fe64d06235e8eea,2021-12-10T13:05:29.394Z
61b350993fe64d06235e8ee9,2021-12-10T13:05:29.279Z
61b350993fe64d06235e8ee8,2021-12-10T13:05:29.163Z
61b350993fe64d06235e8ee7,2021-12-10T13:05:29.047Z
61b350983fe64d06235e8ee6,2021-12-10T13:05:28.931Z
61b350983fe64d06235e8ee5,2021-12-10T13:05:28.816Z
61b350983fe64d06235e8ee4,2021-12-10T13:05:28.700Z
61b350983fe64d06235e8ee3,2021-12-10T13:05:28.582Z
61b350983fe64d06235e8ee2,2021-12-10T13:05:28.466Z
61b350983fe64d06235e8ee1,2021-12-10T13:05:28.262Z
61b350983fe64d06235e8ee0,2021-12-10T13:05:28.083Z
61b350973fe64d06235e8edf,2021-12-10T13:05:27.967Z
61b350973fe64d06235e8ede,2021-12-10T13:05:27.852Z
61b350973fe64d06235e8edd,2021-12-10T13:05:27.737Z
61b350973fe64d06235e8edc,2021-12-10T13:05:27.622Z
61b350973fe64d06235e8edb,2021-12-10T13:05:27.474Z
61b350973fe64d06235e8eda,2021-12-10T13:05:27.359Z
61b350973fe64d06235e8ed9,2021-12-10T13:05:27.243Z
61b350973fe64d06235e8ed8,2021-12-10T13:05:27.128Z
61b350973fe64d06235e8ed7,2021-12-10T13:05:27.013Z
61b350963fe64d06235e8ed6,2021-12-10T13:05:26.897Z
61b350963fe64d06235e8ed5,2021-12-10T13:05:26.780Z
61b350963fe64d06235e8ed4,2021-12-10T13:05:26.665Z
61b350963fe64d06235e8ed3,2021-12-10T13:05:26.549Z
61b350963fe64d06235e8ed2,2021-12-10T13:05:26.437Z
61b350963fe64d06235e8ed1,2021-12-10T13:05:26.322Z
61b350963fe64d06235e8ed0,2021-12-10T13:05:26.207Z
61b350963fe64d06235e8ecf,2021-12-10T13:05:26.092Z
61b350953fe64d06235e8ece,2021-12-10T13:05:25.977Z
61b350953fe64d06235e8ecd,2021-12-10T13:05:25.861Z
61b350953fe64d06235e8ecc,2021-12-10T13:05:25.759Z
61b350953fe64d06235e8ecb,2021-12-10T13:05:25.656Z
61b350953fe64d06235e8eca,2021-12-10T13:05:25.545Z
61b350953fe64d06235e8ec9,2021-12-10T13:05:25.439Z
61b350953fe64d06235e8ec8,2021-12-10T13:05:25.321Z
61b350953fe64d06235e8ec7,2021-12-10T13:05:25.204Z
61b350953fe64d06235e8ec6,2021-12-10T13:05:25.089Z
61b350943fe64d06235e8ec5,2021-12-10T13:05:24.973Z
61b350943fe64d06235e8ec4,2021-12-10T13:05:24.856Z
61b350943fe64d06235e8ec3,2021-12-10T13:05:24.743Z
61b350943fe64d06235e8ec2,2021-12-10T13:05:24.627Z
61b350943fe64d06235e8ec1,2021-12-10T13:05:24.510Z
61b350943fe64d06235e8ec0,2021-12-10T13:05:24.393Z
61b350943fe64d06235e8ebf,2021-12-10T13:05:24.277Z
61b350943fe64d06235e8ebe,2021-12-10T13:05:24.159Z
61b350943fe64d06235e8ebd,2021-12-10T13:05:24.040Z
61b350933fe64d06235e8ebc,2021-12-10T13:05:23.923Z
61b350933fe64d06235e8ebb,2021-12-10T13:05:23.807Z
61b350933fe64d06235e8eba,2021-12-10T13:05:23.681Z
61b350933fe64d06235e8eb9,2021-12-10T13:05:23.560Z
61b350933fe64d06235e8eb8,2021-12-10T13:05:23.443Z
61b350933fe64d06235e8eb7,2021-12-10T13:05:23.327Z
61b350933fe64d06235e8eb6,2021-12-10T13:05:23.210Z
61b350933fe64d06235e8eb5,2021-12-10T13:05:23.089Z
61b350923fe64d06235e8eb4,2021-12-10T13:05:22.965Z
61b350923fe64d06235e8eb3,2021-12-10T13:05:22.856Z
61b350923fe64d06235e8eb2,2021-12-10T13:05:22.748Z
61b350923fe64d06235e8eb1,2021-12-10T13:05:22.635Z
61b350923fe64d06235e8eb0,2021-12-10T13:05:22.522Z
61b350923fe64d06235e8eaf,2021-12-10T13:05:22.323Z
61b350923fe64d06235e8eae,2021-12-10T13:05:22.216Z
61b350923fe64d06235e8ead,2021-12-10T13:05:22.109Z
61b350923fe64d06235e8eac,2021-12-10T13:05:22.001Z
61b350913fe64d06235e8eab,2021-12-10T13:05:21.887Z
61b350913fe64d06235e8eaa,2021-12-10T13:05:21.778Z
61b350913fe64d06235e8ea9,2021-12-10T13:05:21.665Z
61b350913fe64d06235e8ea8,2021-12-10T13:05:21.549Z
61b350913fe64d06235e8ea7,2021-12-10T13:05:21.430Z
61b350913fe64d06235e8ea6,2021-12-10T13:05:21.319Z
61b350913fe64d06235e8ea5,2021-12-10T13:05:21.207Z
61b350913fe64d06235e8ea4,2021-12-10T13:05:21.081Z
61b350903fe64d06235e8ea3,2021-12-10T13:05:20.952Z
61b350903fe64d06235e8ea2,2021-12-10T13:05:20.832Z
61b350903fe64d06235e8ea1,2021-12-10T13:05:20.716Z
61b350903fe64d06235e8ea0,2021-12-10T13:05:20.599Z
61b350903fe64d06235e8e9f,2021-12-10T13:05:20.481Z
61b350903fe64d06235e8e9e,2021-12-10T13:05:20.370Z
61b350903fe64d06235e8e9d,2021-12-10T13:05:20.267Z
61b350903fe64d06235e8e9c,2021-12-10T13:05:20.148Z
61b350903fe64d06235e8e9b,2021-12-10T13:05:20.025Z
61b3508f3fe64d06235e8e9a,2021-12-10T13:05:19.911Z
61b3508f3fe64d06235e8e99,2021-12-10T13:05:19.796Z
61b3508f3fe64d06235e8e98,2021-12-10T13:05:19.680Z
61b3508f3fe64d06235e8e97,2021-12-10T13:05:19.565Z
61b3508f3fe64d06235e8e96,2021-12-10T13:05:19.453Z
61b3508f3fe64d06235e8e95,2021-12-10T13:05:19.337Z
61b3508f3fe64d06235e8e94,2021-12-10T13:05:19.222Z
61b3508f3fe64d06235e8e93,2021-12-10T13:05:19.108Z
61b3508e3fe64d06235e8e92,2021-12-10T13:05:18.990Z
61b3508e3fe64d06235e8e91,2021-12-10T13:05:18.875Z
61b3508e3fe64d06235e8e90,2021-12-10T13:05:18.760Z
61b3508e3fe64d06235e8e8f,2021-12-10T13:05:18.645Z
61b3508e3fe64d06235e8e8e,2021-12-10T13:05:18.529Z
61b3508e3fe64d06235e8e8d,2021-12-10T13:05:18.415Z
61b3508e3fe64d06235e8e8c,2021-12-10T13:05:18.299Z
61b3508e3fe64d06235e8e8b,2021-12-10T13:05:18.180Z
61b3508e3fe64d06235e8e8a,2021-12-10T13:05:18.062Z
61b3508d3fe64d06235e8e89,2021-12-10T13:05:17.945Z
61b3508d3fe64d06235e8e88,2021-12-10T13:05:17.829Z
61b3508d3fe64d06235e8e87,2021-12-10T13:05:17.718Z
61b3508d3fe64d06235e8e86,2021-12-10T13:05:17.603Z
61b3508d3fe64d06235e8e85,2021-12-10T13:05:17.487Z
61b3508d3fe64d06235e8e84,2021-12-10T13:05:17.342Z
61b3508d3fe64d06235e8e83,2021-12-10T13:05:17.198Z
61b3508d3fe64d06235e8e82,2021-12-10T13:05:17.068Z
61b3508c3fe64d06235e8e81,2021-12-10T13:05:16.943Z
61b3508c3fe64d06235e8e80,2021-12-10T13:05:16.833Z
61b3508c3fe64d06235e8e7f,2021-12-10T13:05:16.725Z
61b3508c3fe64d06235e8e7e,2021-12-10T13:05:16.583Z
61b3508c3fe64d06235e8e7d,2021-12-10T13:05:16.300Z
61b3508c3fe64d06235e8e7c,2021-12-10T13:05:16.185Z
61b3508c3fe64d06235e8e7b,2021-12-10T13:05:16.072Z
61b3508b3fe64d06235e8e7a,2021-12-10T13:05:15.957Z
61b3508b3fe64d06235e8e79,2021-12-10T13:05:15.841Z
61b3508b3fe64d06235e8e78,2021-12-10T13:05:15.724Z
61b3508b3fe64d06235e8e77,2021-12-10T13:05:15.604Z
61b3508b3fe64d06235e8e76,2021-12-10T13:05:15.501Z
61b3508b3fe64d06235e8e75,2021-12-10T13:05:15.395Z
61b3508b3fe64d06235e8e74,2021-12-10T13:05:15.283Z
61b3508b3fe64d06235e8e73,2021-12-10T13:05:15.168Z
61b3508b3fe64d06235e8e72,2021-12-10T13:05:15.062Z
61b3508a3fe64d06235e8e71,2021-12-10T13:05:14.956Z
61b3508a3fe64d06235e8e70,2021-12-10T13:05:14.852Z
61b3508a3fe64d06235e8e6f,2021-12-10T13:05:14.736Z
61b3508a3fe64d06235e8e6e,2021-12-10T13:05:14.626Z
61b3508a3fe64d06235e8e6d,2021-12-10T13:05:14.516Z
61b3508a3fe64d06235e8e6c,2021-12-10T13:05:14.394Z
61b3508a3fe64d06235e8e6b,2021-12-10T13:05:14.290Z
61b3508a3fe64d06235e8e6a,2021-12-10T13:05:14.174Z
61b3508a3fe64d06235e8e69,2021-12-10T13:05:14.070Z
61b350893fe64d06235e8e68,2021-12-10T13:05:13.962Z
61b350893fe64d06235e8e67,2021-12-10T13:05:13.845Z
61b350893fe64d06235e8e66,2021-12-10T13:05:13.727Z
61b350893fe64d06235e8e65,2021-12-10T13:05:13.615Z
61b350893fe64d06235e8e64,2021-12-10T13:05:13.505Z
61b350893fe64d06235e8e63,2021-12-10T13:05:13.389Z
61b350893fe64d06235e8e62,2021-12-10T13:05:13.265Z
61b350893fe64d06235e8e61,2021-12-10T13:05:13.147Z
61b350893fe64d06235e8e60,2021-12-10T13:05:13.041Z
61b350883fe64d06235e8e5f,2021-12-10T13:05:12.923Z
61b350883fe64d06235e8e5e,2021-12-10T13:05:12.816Z
61b350883fe64d06235e8e5d,2021-12-10T13:05:12.713Z
61b350883fe64d06235e8e5c,2021-12-10T13:05:12.601Z
61b350883fe64d06235e8e5b,2021-12-10T13:05:12.484Z
61b350883fe64d06235e8e5a,2021-12-10T13:05:12.374Z
61b350883fe64d06235e8e59,2021-12-10T13:05:12.266Z
61b350883fe64d06235e8e58,2021-12-10T13:05:12.150Z
61b350883fe64d06235e8e57,2021-12-10T13:05:12.033Z
61b350873fe64d06235e8e56,2021-12-10T13:05:11.917Z
61b350873fe64d06235e8e55,2021-12-10T13:05:11.798Z
61b350873fe64d06235e8e54,2021-12-10T13:05:11.674Z
61b350873fe64d06235e8e53,2021-12-10T13:05:11.561Z
61b350873fe64d06235e8e52,2021-12-10T13:05:11.444Z
61b350873fe64d06235e8e51,2021-12-10T13:05:11.329Z
61b350873fe64d06235e8e50,2021-12-10T13:05:11.213Z
61b350873fe64d06235e8e4f,2021-12-10T13:05:11.095Z
61b350863fe64d06235e8e4e,2021-12-10T13:05:10.979Z
61b350863fe64d06235e8e4d,2021-12-10T13:05:10.862Z
61b350863fe64d06235e8e4c,2021-12-10T13:05:10.744Z
61b350863fe64d06235e8e4b,2021-12-10T13:05:10.537Z
61b350863fe64d06235e8e4a,2021-12-10T13:05:10.424Z
61b350863fe64d06235e8e49,2021-12-10T13:05:10.309Z
61b350863fe64d06235e8e48,2021-12-10T13:05:10.194Z
61b350863fe64d06235e8e47,2021-12-10T13:05:10.081Z
61b350853fe64d06235e8e46,2021-12-10T13:05:09.965Z
61b350853fe64d06235e8e45,2021-12-10T13:05:09.851Z
61b350853fe64d06235e8e44,2021-12-10T13:05:09.733Z
61b350853fe64d06235e8e43,2021-12-10T13:05:09.620Z
61b350853fe64d06235e8e42,2021-12-10T13:05:09.505Z
61b350853fe64d06235e8e41,2021-12-10T13:05:09.390Z
61b350853fe64d06235e8e40,2021-12-10T13:05:09.275Z
61b350853fe64d06235e8e3f,2021-12-10T13:05:09.160Z
61b350853fe64d06235e8e3e,2021-12-10T13:05:09.041Z
61b350843fe64d06235e8e3d,2021-12-10T13:05:08.927Z
61b350843fe64d06235e8e3c,2021-12-10T13:05:08.815Z
61b350843fe64d06235e8e3b,2021-12-10T13:05:08.701Z
61b350843fe64d06235e8e3a,2021-12-10T13:05:08.584Z
61b350843fe64d06235e8e39,2021-12-10T13:05:08.469Z
61b350843fe64d06235e8e38,2021-12-10T13:05:08.353Z
61b350843fe64d06235e8e37,2021-12-10T13:05:08.239Z
61b350843fe64d06235e8e36,2021-12-10T13:05:08.124Z
61b350843fe64d06235e8e35,2021-12-10T13:05:08.009Z
61b350833fe64d06235e8e34,2021-12-10T13:05:07.894Z
61b350833fe64d06235e8e33,2021-12-10T13:05:07.778Z
61b350833fe64d06235e8e32,2021-12-10T13:05:07.664Z
61b350833fe64d06235e8e31,2021-12-10T13:05:07.549Z
61b350833fe64d06235e8e30,2021-12-10T13:05:07.435Z
61b350833fe64d06235e8e2f,2021-12-10T13:05:07.319Z
61b350833fe64d06235e8e2e,2021-12-10T13:05:07.209Z
61b350833fe64d06235e8e2d,2021-12-10T13:05:07.095Z
61b350823fe64d06235e8e2c,2021-12-10T13:05:06.981Z
61b350823fe64d06235e8e2b,2021-12-10T13:05:06.864Z
61b350823fe64d06235e8e2a,2021-12-10T13:05:06.750Z
61b350823fe64d06235e8e29,2021-12-10T13:05:06.636Z
61b350823fe64d06235e8e28,2021-12-10T13:05:06.517Z
61b350823fe64d06235e8e27,2021-12-10T13:05:06.399Z
61b350823fe64d06235e8e26,2021-12-10T13:05:06.284Z
61b350823fe64d06235e8e25,2021-12-10T13:05:06.163Z
61b350823fe64d06235e8e24,2021-12-10T13:05:06.048Z
61b350813fe64d06235e8e23,2021-12-10T13:05:05.934Z
61b350813fe64d06235e8e22,2021-12-10T13:05:05.816Z
61b350813fe64d06235e8e21,2021-12-10T13:05:05.701Z
61b350813fe64d06235e8e20,2021-12-10T13:05:05.584Z
61b350813fe64d06235e8e1f,2021-12-10T13:05:05.470Z
61b350813fe64d06235e8e1e,2021-12-10T13:05:05.354Z
61b350813fe64d06235e8e1d,2021-12-10T13:05:05.240Z
61b350813fe64d06235e8e1c,2021-12-10T13:05:05.122Z
61b350813fe64d06235e8e1b,2021-12-10T13:05:05.006Z
61b350803fe64d06235e8e1a,2021-12-10T13:05:04.891Z
61b350803fe64d06235e8e19,2021-12-10T13:05:04.689Z
61b350803fe64d06235e8e18,2021-12-10T13:05:04.575Z
61b350803fe64d06235e8e17,2021-12-10T13:05:04.457Z
61b350803fe64d06235e8e16,2021-12-10T13:05:04.341Z
61b350803fe64d06235e8e15,2021-12-10T13:05:04.226Z
61b350803fe64d06235e8e14,2021-12-10T13:05:04.111Z
61b3507f3fe64d06235e8e13,2021-12-10T13:05:03.995Z
61b3507f3fe64d06235e8e12,2021-12-10T13:05:03.877Z
61b3507f3fe64d06235e8e11,2021-12-10T13:05:03.759Z
61b3507f3fe64d06235e8e10,2021-12-10T13:05:03.638Z
61b3507f3fe64d06235e8e0f,2021-12-10T13:05:03.528Z
61b3507f3fe64d06235e8e0e,2021-12-10T13:05:03.411Z
61b3507f3fe64d06235e8e0d,2021-12-10T13:05:03.296Z
61b3507f3fe64d06235e8e0c,2021-12-10T13:05:03.181Z
61b3507f3fe64d06235e8e0b,2021-12-10T13:05:03.067Z
61b3507e3fe64d06235e8e0a,2021-12-10T13:05:02.952Z
61b3507e3fe64d06235e8e09,2021-12-10T13:05:02.836Z
61b3507e3fe64d06235e8e08,2021-12-10T13:05:02.713Z
61b3507e3fe64d06235e8e07,2021-12-10T13:05:02.598Z
61b3507e3fe64d06235e8e06,2021-12-10T13:05:02.481Z
61b3507e3fe64d06235e8e05,2021-12-10T13:05:02.366Z
61b3507e3fe64d06235e8e04,2021-12-10T13:05:02.252Z
61b3507e3fe64d06235e8e03,2021-12-10T13:05:02.137Z
61b3507e3fe64d06235e8e02,2021-12-10T13:05:02.021Z
61b3507d3fe64d06235e8e01,2021-12-10T13:05:01.906Z
61b3507d3fe64d06235e8e00,2021-12-10T13:05:01.794Z
61b3507d3fe64d06235e8dff,2021-12-10T13:05:01.679Z
61b3507d3fe64d06235e8dfe,2021-12-10T13:05:01.563Z
61b3507d3fe64d06235e8dfd,2021-12-10T13:05:01.447Z
61b3507d3fe64d06235e8dfc,2021-12-10T13:05:01.330Z
61b3507d3fe64d06235e8dfb,2021-12-10T13:05:01.212Z
61b3507d3fe64d06235e8dfa,2021-12-10T13:05:01.097Z
61b3507c3fe64d06235e8df9,2021-12-10T13:05:00.982Z
61b3507c3fe64d06235e8df8,2021-12-10T13:05:00.864Z
61b3507c3fe64d06235e8df7,2021-12-10T13:05:00.749Z
61b3507c3fe64d06235e8df6,2021-12-10T13:05:00.634Z
61b3507c3fe64d06235e8df5,2021-12-10T13:05:00.519Z
61b3507c3fe64d06235e8df4,2021-12-10T13:05:00.405Z
61b3507c3fe64d06235e8df3,2021-12-10T13:05:00.289Z
61b3507c3fe64d06235e8df2,2021-12-10T13:05:00.176Z
61b3507c3fe64d06235e8df1,2021-12-10T13:05:00.064Z
61b3507b3fe64d06235e8df0,2021-12-10T13:04:59.948Z
61b3507b3fe64d06235e8def,2021-12-10T13:04:59.834Z
61b3507b3fe64d06235e8dee,2021-12-10T13:04:59.721Z
61b3507b3fe64d06235e8ded,2021-12-10T13:04:59.607Z
61b3507b3fe64d06235e8dec,2021-12-10T13:04:59.494Z
61b3507b3fe64d06235e8deb,2021-12-10T13:04:59.372Z
61b3507b3fe64d06235e8dea,2021-12-10T13:04:59.258Z
61b3507b3fe64d06235e8de9,2021-12-10T13:04:59.143Z
61b3507b3fe64d06235e8de8,2021-12-10T13:04:59.029Z
61b3507a3fe64d06235e8de7,2021-12-10T13:04:58.816Z
61b3507a3fe64d06235e8de6,2021-12-10T13:04:58.700Z
61b3507a3fe64d06235e8de5,2021-12-10T13:04:58.586Z
61b3507a3fe64d06235e8de4,2021-12-10T13:04:58.472Z
61b3507a3fe64d06235e8de3,2021-12-10T13:04:58.356Z
61b3507a3fe64d06235e8de2,2021-12-10T13:04:58.246Z
61b3507a3fe64d06235e8de1,2021-12-10T13:04:58.132Z
61b3507a3fe64d06235e8de0,2021-12-10T13:04:58.018Z
61b350793fe64d06235e8ddf,2021-12-10T13:04:57.904Z
61b350793fe64d06235e8dde,2021-12-10T13:04:57.789Z
61b350793fe64d06235e8ddd,2021-12-10T13:04:57.672Z
61b350793fe64d06235e8ddc,2021-12-10T13:04:57.557Z
61b350793fe64d06235e8ddb,2021-12-10T13:04:57.443Z
61b350793fe64d06235e8dda,2021-12-10T13:04:57.329Z
61b350793fe64d06235e8dd9,2021-12-10T13:04:57.209Z
61b350793fe64d06235e8dd8,2021-12-10T13:04:57.092Z
61b350783fe64d06235e8dd7,2021-12-10T13:04:56.978Z
61b350783fe64d06235e8dd6,2021-12-10T13:04:56.863Z
61b350783fe64d06235e8dd5,2021-12-10T13:04:56.729Z
61b350783fe64d06235e8dd4,2021-12-10T13:04:56.615Z
61b350783fe64d06235e8dd3,2021-12-10T13:04:56.498Z
61b350783fe64d06235e8dd2,2021-12-10T13:04:56.382Z
61b350783fe64d06235e8dd1,2021-12-10T13:04:56.262Z
61b350783fe64d06235e8dd0,2021-12-10T13:04:56.145Z
61b350783fe64d06235e8dcf,2021-12-10T13:04:56.029Z
61b350773fe64d06235e8dce,2021-12-10T13:04:55.909Z
61b350773fe64d06235e8dcd,2021-12-10T13:04:55.798Z
61b350773fe64d06235e8dcc,2021-12-10T13:04:55.690Z
61b350773fe64d06235e8dcb,2021-12-10T13:04:55.578Z
61b350773fe64d06235e8dca,2021-12-10T13:04:55.462Z
61b350773fe64d06235e8dc9,2021-12-10T13:04:55.348Z
61b350773fe64d06235e8dc8,2021-12-10T13:04:55.234Z
61b350773fe64d06235e8dc7,2021-12-10T13:04:55.120Z
61b350773fe64d06235e8dc6,2021-12-10T13:04:54.999Z
61b350763fe64d06235e8dc5,2021-12-10T13:04:54.885Z
61b350763fe64d06235e8dc4,2021-12-10T13:04:54.776Z
61b350763fe64d06235e8dc3,2021-12-10T13:04:54.661Z
61b350763fe64d06235e8dc2,2021-12-10T13:04:54.546Z
61b350763fe64d06235e8dc1,2021-12-10T13:04:54.429Z
61b350763fe64d06235e8dc0,2021-12-10T13:04:54.315Z
61b350763fe64d06235e8dbf,2021-12-10T13:04:54.200Z
61b350763fe64d06235e8dbe,2021-12-10T13:04:54.089Z
61b350753fe64d06235e8dbd,2021-12-10T13:04:53.974Z
61b350753fe64d06235e8dbc,2021-12-10T13:04:53.860Z
61b350753fe64d06235e8dbb,2021-12-10T13:04:53.746Z
61b350753fe64d06235e8dba,2021-12-10T13:04:53.627Z
61b350753fe64d06235e8db9,2021-12-10T13:04:53.510Z
61b350753fe64d06235e8db8,2021-12-10T13:04:53.396Z
61b350753fe64d06235e8db7,2021-12-10T13:04:53.282Z
61b350753fe64d06235e8db6,2021-12-10T13:04:53.168Z
61b350743fe64d06235e8db5,2021-12-10T13:04:52.957Z
61b350743fe64d06235e8db4,2021-12-10T13:04:52.841Z
61b350743fe64d06235e8db3,2021-12-10T13:04:52.726Z
61b350743fe64d06235e8db2,2021-12-10T13:04:52.609Z
61b350743fe64d06235e8db1,2021-12-10T13:04:52.500Z
61b350743fe64d06235e8db0,2021-12-10T13:04:52.387Z
61b350743fe64d06235e8daf,2021-12-10T13:04:52.283Z
61b350743fe64d06235e8dae,2021-12-10T13:04:52.166Z
61b350743fe64d06235e8dad,2021-12-10T13:04:52.053Z
61b350733fe64d06235e8dac,2021-12-10T13:04:51.946Z
61b350733fe64d06235e8dab,2021-12-10T13:04:51.825Z
61b350733fe64d06235e8daa,2021-12-10T13:04:51.715Z
61b350733fe64d06235e8da9,2021-12-10T13:04:51.595Z
61b350733fe64d06235e8da8,2021-12-10T13:04:51.481Z
61b350733fe64d06235e8da7,2021-12-10T13:04:51.376Z
61b350733fe64d06235e8da6,2021-12-10T13:04:51.253Z
61b350733fe64d06235e8da5,2021-12-10T13:04:51.138Z
61b350733fe64d06235e8da4,2021-12-10T13:04:51.022Z
61b350723fe64d06235e8da3,2021-12-10T13:04:50.913Z
61b350723fe64d06235e8da2,2021-12-10T13:04:50.810Z
61b350723fe64d06235e8da1,2021-12-10T13:04:50.703Z
61b350723fe64d06235e8da0,2021-12-10T13:04:50.601Z
61b350723fe64d06235e8d9f,2021-12-10T13:04:50.484Z
61b350723fe64d06235e8d9e,2021-12-10T13:04:50.368Z
61b350723fe64d06235e8d9d,2021-12-10T13:04:50.252Z
61b350723fe64d06235e8d9c,2021-12-10T13:04:50.129Z
61b350723fe64d06235e8d9b,2021-12-10T13:04:50.014Z
61b350713fe64d06235e8d9a,2021-12-10T13:04:49.898Z
61b350713fe64d06235e8d99,2021-12-10T13:04:49.788Z
61b350713fe64d06235e8d98,2021-12-10T13:04:49.680Z
61b350713fe64d06235e8d97,2021-12-10T13:04:49.568Z
61b350713fe64d06235e8d96,2021-12-10T13:04:49.450Z
61b350713fe64d06235e8d95,2021-12-10T13:04:49.336Z
61b350713fe64d06235e8d94,2021-12-10T13:04:49.220Z
61b350713fe64d06235e8d93,2021-12-10T13:04:49.081Z
61b350703fe64d06235e8d92,2021-12-10T13:04:48.962Z
61b350703fe64d06235e8d91,2021-12-10T13:04:48.861Z
61b350703fe64d06235e8d90,2021-12-10T13:04:48.759Z
61b350703fe64d06235e8d8f,2021-12-10T13:04:48.641Z
61b350703fe64d06235e8d8e,2021-12-10T13:04:48.525Z
61b350703fe64d06235e8d8d,2021-12-10T13:04:48.424Z
61b350703fe64d06235e8d8c,2021-12-10T13:04:48.320Z
61b350703fe64d06235e8d8b,2021-12-10T13:04:48.218Z
61b350703fe64d06235e8d8a,2021-12-10T13:04:48.116Z
61b350703fe64d06235e8d89,2021-12-10T13:04:48.014Z
61b3506f3fe64d06235e8d88,2021-12-10T13:04:47.909Z
61b3506f3fe64d06235e8d87,2021-12-10T13:04:47.805Z
61b3506f3fe64d06235e8d86,2021-12-10T13:04:47.683Z
61b3506f3fe64d06235e8d85,2021-12-10T13:04:47.578Z
61b3506f3fe64d06235e8d84,2021-12-10T13:04:47.478Z
61b3506f3fe64d06235e8d83,2021-12-10T13:04:47.289Z
61b3506f3fe64d06235e8d82,2021-12-10T13:04:47.171Z
61b3506f3fe64d06235e8d81,2021-12-10T13:04:47.053Z
61b3506e3fe64d06235e8d80,2021-12-10T13:04:46.952Z
61b3506e3fe64d06235e8d7f,2021-12-10T13:04:46.844Z
61b3506e3fe64d06235e8d7e,2021-12-10T13:04:46.730Z
61b3506e3fe64d06235e8d7d,2021-12-10T13:04:46.623Z
61b3506e3fe64d06235e8d7c,2021-12-10T13:04:46.520Z
61b3506e3fe64d06235e8d7b,2021-12-10T13:04:46.405Z
61b3506e3fe64d06235e8d7a,2021-12-10T13:04:46.290Z
61b3506e3fe64d06235e8d79,2021-12-10T13:04:46.178Z
61b3506e3fe64d06235e8d78,2021-12-10T13:04:46.062Z
61b3506d3fe64d06235e8d77,2021-12-10T13:04:45.946Z
61b3506d3fe64d06235e8d76,2021-12-10T13:04:45.831Z
61b3506d3fe64d06235e8d75,2021-12-10T13:04:45.727Z
61b3506d3fe64d06235e8d74,2021-12-10T13:04:45.627Z
61b3506d3fe64d06235e8d73,2021-12-10T13:04:45.526Z
61b3506d3fe64d06235e8d72,2021-12-10T13:04:45.424Z
61b3506d3fe64d06235e8d71,2021-12-10T13:04:45.324Z
61b3506d3fe64d06235e8d70,2021-12-10T13:04:45.213Z
61b3506d3fe64d06235e8d6f,2021-12-10T13:04:45.097Z
61b3506c3fe64d06235e8d6e,2021-12-10T13:04:44.976Z
61b3506c3fe64d06235e8d6d,2021-12-10T13:04:44.858Z
61b3506c3fe64d06235e8d6c,2021-12-10T13:04:44.751Z
61b3506c3fe64d06235e8d6b,2021-12-10T13:04:44.650Z
61b3506c3fe64d06235e8d6a,2021-12-10T13:04:44.552Z
61b3506c3fe64d06235e8d69,2021-12-10T13:04:44.432Z
61b3506c3fe64d06235e8d68,2021-12-10T13:04:44.333Z
61b3506c3fe64d06235e8d67,2021-12-10T13:04:44.232Z
61b3506c3fe64d06235e8d66,2021-12-10T13:04:44.123Z
61b3506b3fe64d06235e8d65,2021-12-10T13:04:43.994Z
61b3506b3fe64d06235e8d64,2021-12-10T13:04:43.887Z
61b3506b3fe64d06235e8d63,2021-12-10T13:04:43.785Z
61b3506b3fe64d06235e8d62,2021-12-10T13:04:43.686Z
61b3506b3fe64d06235e8d61,2021-12-10T13:04:43.586Z
61b3506b3fe64d06235e8d60,2021-12-10T13:04:43.462Z
61b3506b3fe64d06235e8d5f,2021-12-10T13:04:43.358Z
61b3506b3fe64d06235e8d5e,2021-12-10T13:04:43.257Z
61b3506b3fe64d06235e8d5d,2021-12-10T13:04:43.155Z
61b3506b3fe64d06235e8d5c,2021-12-10T13:04:43.047Z
61b3506a3fe64d06235e8d5b,2021-12-10T13:04:42.923Z
61b3506a3fe64d06235e8d5a,2021-12-10T13:04:42.816Z
61b3506a3fe64d06235e8d59,2021-12-10T13:04:42.716Z
61b3506a3fe64d06235e8d58,2021-12-10T13:04:42.608Z
61b3506a3fe64d06235e8d57,2021-12-10T13:04:42.500Z
61b3506a3fe64d06235e8d56,2021-12-10T13:04:42.390Z
61b3506a3fe64d06235e8d55,2021-12-10T13:04:42.273Z
61b3506a3fe64d06235e8d54,2021-12-10T13:04:42.158Z
61b3506a3fe64d06235e8d53,2021-12-10T13:04:42.041Z
61b350693fe64d06235e8d52,2021-12-10T13:04:41.920Z
61b350693fe64d06235e8d51,2021-12-10T13:04:41.715Z
61b350693fe64d06235e8d50,2021-12-10T13:04:41.599Z
61b350693fe64d06235e8d4f,2021-12-10T13:04:41.484Z
61b350693fe64d06235e8d4e,2021-12-10T13:04:41.367Z
61b350693fe64d06235e8d4d,2021-12-10T13:04:41.258Z
61b350693fe64d06235e8d4c,2021-12-10T13:04:41.147Z
61b350693fe64d06235e8d4b,2021-12-10T13:04:41.021Z
61b350683fe64d06235e8d4a,2021-12-10T13:04:40.913Z
61b350683fe64d06235e8d49,2021-12-10T13:04:40.799Z
61b350683fe64d06235e8d48,2021-12-10T13:04:40.685Z
61b350683fe64d06235e8d47,2021-12-10T13:04:40.571Z
61b350683fe64d06235e8d46,2021-12-10T13:04:40.457Z
61b350683fe64d06235e8d45,2021-12-10T13:04:40.343Z
61b350683fe64d06235e8d44,2021-12-10T13:04:40.229Z
61b350683fe64d06235e8d43,2021-12-10T13:04:40.116Z
61b350683fe64d06235e8d42,2021-12-10T13:04:40.000Z
61b350673fe64d06235e8d41,2021-12-10T13:04:39.885Z
61b350673fe64d06235e8d40,2021-12-10T13:04:39.769Z
61b350673fe64d06235e8d3f,2021-12-10T13:04:39.654Z
61b350673fe64d06235e8d3e,2021-12-10T13:04:39.537Z
61b350673fe64d06235e8d3d,2021-12-10T13:04:39.428Z
61b350673fe64d06235e8d3c,2021-12-10T13:04:39.313Z
61b350673fe64d06235e8d3b,2021-12-10T13:04:39.194Z
61b350673fe64d06235e8d3a,2021-12-10T13:04:39.078Z
61b350663fe64d06235e8d39,2021-12-10T13:04:38.961Z
61b350663fe64d06235e8d38,2021-12-10T13:04:38.842Z
61b350663fe64d06235e8d37,2021-12-10T13:04:38.726Z
61b350663fe64d06235e8d36,2021-12-10T13:04:38.611Z
61b350663fe64d06235e8d35,2021-12-10T13:04:38.496Z
61b350663fe64d06235e8d34,2021-12-10T13:04:38.380Z
61b350663fe64d06235e8d33,2021-12-10T13:04:38.261Z
61b350663fe64d06235e8d32,2021-12-10T13:04:38.144Z
61b350663fe64d06235e8d31,2021-12-10T13:04:38.027Z
61b350653fe64d06235e8d30,2021-12-10T13:04:37.911Z
61b350653fe64d06235e8d2f,2021-12-10T13:04:37.797Z
61b350653fe64d06235e8d2e,2021-12-10T13:04:37.687Z
61b350653fe64d06235e8d2d,2021-12-10T13:04:37.574Z
61b350653fe64d06235e8d2c,2021-12-10T13:04:37.461Z
61b350653fe64d06235e8d2b,2021-12-10T13:04:37.347Z
61b350653fe64d06235e8d2a,2021-12-10T13:04:37.235Z
61b350653fe64d06235e8d29,2021-12-10T13:04:37.122Z
61b350653fe64d06235e8d28,2021-12-10T13:04:37.008Z
61b350643fe64d06235e8d27,2021-12-10T13:04:36.895Z
61b350643fe64d06235e8d26,2021-12-10T13:04:36.781Z
61b350643fe64d06235e8d25,2021-12-10T13:04:36.668Z
61b350643fe64d06235e8d24,2021-12-10T13:04:36.555Z
61b350643fe64d06235e8d23,2021-12-10T13:04:36.442Z
61b350643fe64d06235e8d22,2021-12-10T13:04:36.328Z
61b350643fe64d06235e8d21,2021-12-10T13:04:36.213Z
61b350643fe64d06235e8d20,2021-12-10T13:04:36.097Z
61b350633fe64d06235e8d1f,2021-12-10T13:04:35.885Z
61b350633fe64d06235e8d1e,2021-12-10T13:04:35.762Z
61b350633fe64d06235e8d1d,2021-12-10T13:04:35.648Z
61b350633fe64d06235e8d1c,2021-12-10T13:04:35.530Z
61b350633fe64d06235e8d1b,2021-12-10T13:04:35.418Z
61b350633fe64d06235e8d1a,2021-12-10T13:04:35.304Z
61b350633fe64d06235e8d19,2021-12-10T13:04:35.191Z
61b350633fe64d06235e8d18,2021-12-10T13:04:35.079Z
61b350623fe64d06235e8d17,2021-12-10T13:04:34.964Z
61b350623fe64d06235e8d16,2021-12-10T13:04:34.850Z
61b350623fe64d06235e8d15,2021-12-10T13:04:34.737Z
61b350623fe64d06235e8d14,2021-12-10T13:04:34.618Z
61b350623fe64d06235e8d13,2021-12-10T13:04:34.504Z
61b350623fe64d06235e8d12,2021-12-10T13:04:34.390Z
61b350623fe64d06235e8d11,2021-12-10T13:04:34.276Z
61b350623fe64d06235e8d10,2021-12-10T13:04:34.161Z
61b350623fe64d06235e8d0f,2021-12-10T13:04:34.034Z
61b350613fe64d06235e8d0e,2021-12-10T13:04:33.921Z
61b350613fe64d06235e8d0d,2021-12-10T13:04:33.805Z
61b350613fe64d06235e8d0c,2021-12-10T13:04:33.691Z
61b350613fe64d06235e8d0b,2021-12-10T13:04:33.571Z
61b350613fe64d06235e8d0a,2021-12-10T13:04:33.456Z
61b350613fe64d06235e8d09,2021-12-10T13:04:33.342Z
61b350613fe64d06235e8d08,2021-12-10T13:04:33.228Z
61b350613fe64d06235e8d07,2021-12-10T13:04:33.114Z
61b350613fe64d06235e8d06,2021-12-10T13:04:32.999Z
61b350603fe64d06235e8d05,2021-12-10T13:04:32.883Z
61b350603fe64d06235e8d04,2021-12-10T13:04:32.770Z
61b350603fe64d06235e8d03,2021-12-10T13:04:32.660Z
61b350603fe64d06235e8d02,2021-12-10T13:04:32.554Z
61b350603fe64d06235e8d01,2021-12-10T13:04:32.442Z
61b350603fe64d06235e8d00,2021-12-10T13:04:32.328Z
61b350603fe64d06235e8cff,2021-12-10T13:04:32.214Z
61b350603fe64d06235e8cfe,2021-12-10T13:04:32.100Z
61b3505f3fe64d06235e8cfd,2021-12-10T13:04:31.990Z
61b3505f3fe64d06235e8cfc,2021-12-10T13:04:31.870Z
61b3505f3fe64d06235e8cfb,2021-12-10T13:04:31.755Z
61b3505f3fe64d06235e8cfa,2021-12-10T13:04:31.637Z
61b3505f3fe64d06235e8cf9,2021-12-10T13:04:31.510Z
61b3505f3fe64d06235e8cf8,2021-12-10T13:04:31.397Z
61b3505f3fe64d06235e8cf7,2021-12-10T13:04:31.283Z
61b3505f3fe64d06235e8cf6,2021-12-10T13:04:31.169Z
61b3505f3fe64d06235e8cf5,2021-12-10T13:04:31.055Z
61b3505e3fe64d06235e8cf4,2021-12-10T13:04:30.941Z
61b3505e3fe64d06235e8cf3,2021-12-10T13:04:30.827Z
61b3505e3fe64d06235e8cf2,2021-12-10T13:04:30.718Z
61b3505e3fe64d06235e8cf1,2021-12-10T13:04:30.603Z
61b3505e3fe64d06235e8cf0,2021-12-10T13:04:30.488Z
61b3505e3fe64d06235e8cef,2021-12-10T13:04:30.375Z
61b3505e3fe64d06235e8cee,2021-12-10T13:04:30.261Z
61b3505e3fe64d06235e8ced,2021-12-10T13:04:30.059Z
61b3505d3fe64d06235e8cec,2021-12-10T13:04:29.945Z
61b3505d3fe64d06235e8ceb,2021-12-10T13:04:29.832Z
61b3505d3fe64d06235e8cea,2021-12-10T13:04:29.718Z
61b3505d3fe64d06235e8ce9,2021-12-10T13:04:29.605Z
61b3505d3fe64d06235e8ce8,2021-12-10T13:04:29.490Z
61b3505d3fe64d06235e8ce7,2021-12-10T13:04:29.377Z
61b3505d3fe64d06235e8ce6,2021-12-10T13:04:29.263Z
61b3505d3fe64d06235e8ce5,2021-12-10T13:04:29.150Z
61b3505d3fe64d06235e8ce4,2021-12-10T13:04:29.036Z
61b3505c3fe64d06235e8ce3,2021-12-10T13:04:28.921Z
61b3505c3fe64d06235e8ce2,2021-12-10T13:04:28.807Z
61b3505c3fe64d06235e8ce1,2021-12-10T13:04:28.693Z
61b3505c3fe64d06235e8ce0,2021-12-10T13:04:28.580Z
61b3505c3fe64d06235e8cdf,2021-12-10T13:04:28.466Z
61b3505c3fe64d06235e8cde,2021-12-10T13:04:28.351Z
61b3505c3fe64d06235e8cdd,2021-12-10T13:04:28.235Z
61b3505c3fe64d06235e8cdc,2021-12-10T13:04:28.120Z
61b3505c3fe64d06235e8cdb,2021-12-10T13:04:28.005Z
61b3505b3fe64d06235e8cda,2021-12-10T13:04:27.890Z
61b3505b3fe64d06235e8cd9,2021-12-10T13:04:27.774Z
61b3505b3fe64d06235e8cd8,2021-12-10T13:04:27.658Z
61b3505b3fe64d06235e8cd7,2021-12-10T13:04:27.541Z
61b3505b3fe64d06235e8cd6,2021-12-10T13:04:27.426Z
61b3505b3fe64d06235e8cd5,2021-12-10T13:04:27.312Z
61b3505b3fe64d06235e8cd4,2021-12-10T13:04:27.187Z
61b3505b3fe64d06235e8cd3,2021-12-10T13:04:27.073Z
61b3505a3fe64d06235e8cd2,2021-12-10T13:04:26.960Z
61b3505a3fe64d06235e8cd1,2021-12-10T13:04:26.848Z
61b3505a3fe64d06235e8cd0,2021-12-10T13:04:26.733Z
61b3505a3fe64d06235e8ccf,2021-12-10T13:04:26.617Z
61b3505a3fe64d06235e8cce,2021-12-10T13:04:26.503Z
61b3505a3fe64d06235e8ccd,2021-12-10T13:04:26.390Z
61b3505a3fe64d06235e8ccc,2021-12-10T13:04:26.276Z
61b3505a3fe64d06235e8ccb,2021-12-10T13:04:26.162Z
61b3505a3fe64d06235e8cca,2021-12-10T13:04:26.047Z
61b350593fe64d06235e8cc9,2021-12-10T13:04:25.933Z
61b350593fe64d06235e8cc8,2021-12-10T13:04:25.818Z
61b350593fe64d06235e8cc7,2021-12-10T13:04:25.704Z
61b350593fe64d06235e8cc6,2021-12-10T13:04:25.590Z
61b350593fe64d06235e8cc5,2021-12-10T13:04:25.479Z
61b350593fe64d06235e8cc4,2021-12-10T13:04:25.365Z
61b350593fe64d06235e8cc3,2021-12-10T13:04:25.251Z
61b350593fe64d06235e8cc2,2021-12-10T13:04:25.136Z
61b350593fe64d06235e8cc1,2021-12-10T13:04:25.022Z
61b350583fe64d06235e8cc0,2021-12-10T13:04:24.907Z
61b350583fe64d06235e8cbf,2021-12-10T13:04:24.793Z
61b350583fe64d06235e8cbe,2021-12-10T13:04:24.679Z
61b350583fe64d06235e8cbd,2021-12-10T13:04:24.564Z
61b350583fe64d06235e8cbc,2021-12-10T13:04:24.450Z
61b350583fe64d06235e8cbb,2021-12-10T13:04:24.249Z
61b350583fe64d06235e8cba,2021-12-10T13:04:24.135Z
61b350583fe64d06235e8cb9,2021-12-10T13:04:24.020Z
61b350573fe64d06235e8cb8,2021-12-10T13:04:23.906Z
61b350573fe64d06235e8cb7,2021-12-10T13:04:23.790Z
61b350573fe64d06235e8cb6,2021-12-10T13:04:23.678Z
61b350573fe64d06235e8cb5,2021-12-10T13:04:23.563Z
61b350573fe64d06235e8cb4,2021-12-10T13:04:23.447Z
61b350573fe64d06235e8cb3,2021-12-10T13:04:23.333Z
61b350573fe64d06235e8cb2,2021-12-10T13:04:23.210Z
61b350573fe64d06235e8cb1,2021-12-10T13:04:23.108Z
61b350573fe64d06235e8cb0,2021-12-10T13:04:22.999Z
61b350563fe64d06235e8caf,2021-12-10T13:04:22.891Z
61b350563fe64d06235e8cae,2021-12-10T13:04:22.774Z
61b350563fe64d06235e8cad,2021-12-10T13:04:22.661Z
61b350563fe64d06235e8cac,2021-12-10T13:04:22.548Z
61b350563fe64d06235e8cab,2021-12-10T13:04:22.433Z
61b350563fe64d06235e8caa,2021-12-10T13:04:22.317Z
61b350563fe64d06235e8ca9,2021-12-10T13:04:22.196Z
61b350563fe64d06235e8ca8,2021-12-10T13:04:22.061Z
61b350553fe64d06235e8ca7,2021-12-10T13:04:21.951Z
61b350553fe64d06235e8ca6,2021-12-10T13:04:21.838Z
61b350553fe64d06235e8ca5,2021-12-10T13:04:21.722Z
61b350553fe64d06235e8ca4,2021-12-10T13:04:21.609Z
61b350553fe64d06235e8ca3,2021-12-10T13:04:21.496Z
61b350553fe64d06235e8ca2,2021-12-10T13:04:21.383Z
61b350553fe64d06235e8ca1,2021-12-10T13:04:21.269Z
61b350553fe64d06235e8ca0,2021-12-10T13:04:21.156Z
61b350553fe64d06235e8c9f,2021-12-10T13:04:21.041Z
61b350543fe64d06235e8c9e,2021-12-10T13:04:20.927Z
61b350543fe64d06235e8c9d,2021-12-10T13:04:20.822Z
61b350543fe64d06235e8c9c,2021-12-10T13:04:20.722Z
61b350543fe64d06235e8c9b,2021-12-10T13:04:20.607Z
61b350543fe64d06235e8c9a,2021-12-10T13:04:20.492Z
61b350543fe64d06235e8c99,2021-12-10T13:04:20.375Z
61b350543fe64d06235e8c98,2021-12-10T13:04:20.262Z
61b350543fe64d06235e8c97,2021-12-10T13:04:20.145Z
61b350543fe64d06235e8c96,2021-12-10T13:04:20.037Z
61b350533fe64d06235e8c95,2021-12-10T13:04:19.937Z
61b350533fe64d06235e8c94,2021-12-10T13:04:19.821Z
61b350533fe64d06235e8c93,2021-12-10T13:04:19.707Z
61b350533fe64d06235e8c92,2021-12-10T13:04:19.592Z
61b350533fe64d06235e8c91,2021-12-10T13:04:19.475Z
61b350533fe64d06235e8c90,2021-12-10T13:04:19.363Z
61b350533fe64d06235e8c8f,2021-12-10T13:04:19.247Z
61b350533fe64d06235e8c8e,2021-12-10T13:04:19.132Z
61b350533fe64d06235e8c8d,2021-12-10T13:04:19.018Z
61b350523fe64d06235e8c8c,2021-12-10T13:04:18.900Z
61b350523fe64d06235e8c8b,2021-12-10T13:04:18.784Z
61b350523fe64d06235e8c8a,2021-12-10T13:04:18.669Z
61b350523fe64d06235e8c89,2021-12-10T13:04:18.472Z
61b350523fe64d06235e8c88,2021-12-10T13:04:18.354Z
61b350523fe64d06235e8c87,2021-12-10T13:04:18.235Z
61b350523fe64d06235e8c86,2021-12-10T13:04:18.120Z
61b350523fe64d06235e8c85,2021-12-10T13:04:18.006Z
61b350513fe64d06235e8c84,2021-12-10T13:04:17.892Z
61b350513fe64d06235e8c83,2021-12-10T13:04:17.777Z
61b350513fe64d06235e8c82,2021-12-10T13:04:17.663Z
61b350513fe64d06235e8c81,2021-12-10T13:04:17.549Z
61b350513fe64d06235e8c80,2021-12-10T13:04:17.433Z
61b350513fe64d06235e8c7f,2021-12-10T13:04:17.307Z
61b350513fe64d06235e8c7e,2021-12-10T13:04:17.193Z
61b350513fe64d06235e8c7d,2021-12-10T13:04:17.078Z
61b350503fe64d06235e8c7c,2021-12-10T13:04:16.963Z
61b350503fe64d06235e8c7b,2021-12-10T13:04:16.852Z
61b350503fe64d06235e8c7a,2021-12-10T13:04:16.739Z
61b350503fe64d06235e8c79,2021-12-10T13:04:16.612Z
61b350503fe64d06235e8c78,2021-12-10T13:04:16.498Z
61b350503fe64d06235e8c77,2021-12-10T13:04:16.380Z
61b350503fe64d06235e8c76,2021-12-10T13:04:16.265Z
61b350503fe64d06235e8c75,2021-12-10T13:04:16.144Z
61b350503fe64d06235e8c74,2021-12-10T13:04:16.029Z
61b3504f3fe64d06235e8c73,2021-12-10T13:04:15.908Z
61b3504f3fe64d06235e8c72,2021-12-10T13:04:15.794Z
61b3504f3fe64d06235e8c71,2021-12-10T13:04:15.679Z
61b3504f3fe64d06235e8c70,2021-12-10T13:04:15.566Z
61b3504f3fe64d06235e8c6f,2021-12-10T13:04:15.452Z
61b3504f3fe64d06235e8c6e,2021-12-10T13:04:15.338Z
61b3504f3fe64d06235e8c6d,2021-12-10T13:04:15.224Z
61b3504f3fe64d06235e8c6c,2021-12-10T13:04:15.110Z
61b3504f3fe64d06235e8c6b,2021-12-10T13:04:15.000Z
61b3504e3fe64d06235e8c6a,2021-12-10T13:04:14.884Z
61b3504e3fe64d06235e8c69,2021-12-10T13:04:14.767Z
61b3504e3fe64d06235e8c68,2021-12-10T13:04:14.653Z
61b3504e3fe64d06235e8c67,2021-12-10T13:04:14.536Z
61b3504e3fe64d06235e8c66,2021-12-10T13:04:14.422Z
61b3504e3fe64d06235e8c65,2021-12-10T13:04:14.303Z
61b3504e3fe64d06235e8c64,2021-12-10T13:04:14.188Z
61b3504e3fe64d06235e8c63,2021-12-10T13:04:14.056Z
61b3504d3fe64d06235e8c62,2021-12-10T13:04:13.942Z
61b3504d3fe64d06235e8c61,2021-12-10T13:04:13.826Z
61b3504d3fe64d06235e8c60,2021-12-10T13:04:13.708Z
61b3504d3fe64d06235e8c5f,2021-12-10T13:04:13.574Z
61b3504d3fe64d06235e8c5e,2021-12-10T13:04:13.434Z
61b3504d3fe64d06235e8c5d,2021-12-10T13:04:13.316Z
61b3504d3fe64d06235e8c5c,2021-12-10T13:04:13.188Z
61b3504d3fe64d06235e8c5b,2021-12-10T13:04:13.031Z
61b3504c3fe64d06235e8c5a,2021-12-10T13:04:12.866Z
61b3504c3fe64d06235e8c59,2021-12-10T13:04:12.685Z
61b3504c3fe64d06235e8c58,2021-12-10T13:04:12.499Z
61b3504c3fe64d06235e8c57,2021-12-10T13:04:12.260Z
61b3504c3fe64d06235e8c56,2021-12-10T13:04:12.145Z
61b3504c3fe64d06235e8c55,2021-12-10T13:04:12.030Z
61b3504b3fe64d06235e8c54,2021-12-10T13:04:11.915Z
61b3504b3fe64d06235e8c53,2021-12-10T13:04:11.802Z
61b3504b3fe64d06235e8c52,2021-12-10T13:04:11.680Z
61b3504b3fe64d06235e8c51,2021-12-10T13:04:11.565Z
61b3504b3fe64d06235e8c50,2021-12-10T13:04:11.448Z
61b3504b3fe64d06235e8c4f,2021-12-10T13:04:11.326Z
61b3504b3fe64d06235e8c4e,2021-12-10T13:04:11.211Z
61b3504b3fe64d06235e8c4d,2021-12-10T13:04:11.095Z
61b3504a3fe64d06235e8c4c,2021-12-10T13:04:10.982Z
61b3504a3fe64d06235e8c4b,2021-12-10T13:04:10.872Z
61b3504a3fe64d06235e8c4a,2021-12-10T13:04:10.758Z
61b3504a3fe64d06235e8c49,2021-12-10T13:04:10.642Z
61b3504a3fe64d06235e8c48,2021-12-10T13:04:10.526Z
61b3504a3fe64d06235e8c47,2021-12-10T13:04:10.411Z
61b3504a3fe64d06235e8c46,2021-12-10T13:04:10.295Z
61b3504a3fe64d06235e8c45,2021-12-10T13:04:10.182Z
61b3504a3fe64d06235e8c44,2021-12-10T13:04:10.067Z
61b350493fe64d06235e8c43,2021-12-10T13:04:09.952Z
61b350493fe64d06235e8c42,2021-12-10T13:04:09.815Z
61b350493fe64d06235e8c41,2021-12-10T13:04:09.701Z
61b350493fe64d06235e8c40,2021-12-10T13:04:09.586Z
61b350493fe64d06235e8c3f,2021-12-10T13:04:09.471Z
61b350493fe64d06235e8c3e,2021-12-10T13:04:09.355Z
61b350493fe64d06235e8c3d,2021-12-10T13:04:09.241Z
61b350493fe64d06235e8c3c,2021-12-10T13:04:09.126Z
61b350493fe64d06235e8c3b,2021-12-10T13:04:09.011Z
61b350483fe64d06235e8c3a,2021-12-10T13:04:08.894Z
61b350483fe64d06235e8c39,2021-12-10T13:04:08.779Z
61b350483fe64d06235e8c38,2021-12-10T13:04:08.663Z
61b350483fe64d06235e8c37,2021-12-10T13:04:08.548Z
61b350483fe64d06235e8c36,2021-12-10T13:04:08.433Z
61b350483fe64d06235e8c35,2021-12-10T13:04:08.320Z
61b350483fe64d06235e8c34,2021-12-10T13:04:08.204Z
61b350483fe64d06235e8c33,2021-12-10T13:04:08.088Z
61b350473fe64d06235e8c32,2021-12-10T13:04:07.972Z
61b350473fe64d06235e8c31,2021-12-10T13:04:07.857Z
61b350473fe64d06235e8c30,2021-12-10T13:04:07.749Z
61b350473fe64d06235e8c2f,2021-12-10T13:04:07.631Z
61b350473fe64d06235e8c2e,2021-12-10T13:04:07.515Z
61b350473fe64d06235e8c2d,2021-12-10T13:04:07.399Z
61b350473fe64d06235e8c2c,2021-12-10T13:04:07.283Z
61b350473fe64d06235e8c2b,2021-12-10T13:04:07.170Z
61b350473fe64d06235e8c2a,2021-12-10T13:04:07.056Z
61b350463fe64d06235e8c29,2021-12-10T13:04:06.940Z
61b350463fe64d06235e8c28,2021-12-10T13:04:06.824Z
61b350463fe64d06235e8c27,2021-12-10T13:04:06.709Z
61b350463fe64d06235e8c26,2021-12-10T13:04:06.593Z
61b350463fe64d06235e8c25,2021-12-10T13:04:06.391Z
61b350463fe64d06235e8c24,2021-12-10T13:04:06.278Z
61b350463fe64d06235e8c23,2021-12-10T13:04:06.164Z
61b350463fe64d06235e8c22,2021-12-10T13:04:06.047Z
61b350453fe64d06235e8c21,2021-12-10T13:04:05.935Z
61b350453fe64d06235e8c20,2021-12-10T13:04:05.822Z
61b350453fe64d06235e8c1f,2021-12-10T13:04:05.708Z
61b350453fe64d06235e8c1e,2021-12-10T13:04:05.592Z
61b350453fe64d06235e8c1d,2021-12-10T13:04:05.478Z
61b350453fe64d06235e8c1c,2021-12-10T13:04:05.363Z
61b350453fe64d06235e8c1b,2021-12-10T13:04:05.248Z
61b350453fe64d06235e8c1a,2021-12-10T13:04:05.133Z
61b350453fe64d06235e8c19,2021-12-10T13:04:05.020Z
61b350443fe64d06235e8c18,2021-12-10T13:04:04.906Z
61b350443fe64d06235e8c17,2021-12-10T13:04:04.793Z
61b350443fe64d06235e8c16,2021-12-10T13:04:04.680Z
61b350443fe64d06235e8c15,2021-12-10T13:04:04.566Z
61b350443fe64d06235e8c14,2021-12-10T13:04:04.453Z
61b350443fe64d06235e8c13,2021-12-10T13:04:04.340Z
61b350443fe64d06235e8c12,2021-12-10T13:04:04.226Z
61b350443fe64d06235e8c11,2021-12-10T13:04:04.113Z
61b350443fe64d06235e8c10,2021-12-10T13:04:04.008Z
61b350433fe64d06235e8c0f,2021-12-10T13:04:03.882Z
61b350433fe64d06235e8c0e,2021-12-10T13:04:03.767Z
61b350433fe64d06235e8c0d,2021-12-10T13:04:03.654Z
61b350433fe64d06235e8c0c,2021-12-10T13:04:03.525Z
61b350433fe64d06235e8c0b,2021-12-10T13:04:03.411Z
61b350433fe64d06235e8c0a,2021-12-10T13:04:03.296Z
61b350433fe64d06235e8c09,2021-12-10T13:04:03.179Z
61b350433fe64d06235e8c08,2021-12-10T13:04:03.065Z
61b350423fe64d06235e8c07,2021-12-10T13:04:02.952Z
61b350423fe64d06235e8c06,2021-12-10T13:04:02.837Z
61b350423fe64d06235e8c05,2021-12-10T13:04:02.724Z
61b350423fe64d06235e8c04,2021-12-10T13:04:02.612Z
61b350423fe64d06235e8c03,2021-12-10T13:04:02.499Z
61b350423fe64d06235e8c02,2021-12-10T13:04:02.388Z
61b350423fe64d06235e8c01,2021-12-10T13:04:02.262Z
61b350423fe64d06235e8c00,2021-12-10T13:04:02.146Z
61b350423fe64d06235e8bff,2021-12-10T13:04:02.032Z
61b350413fe64d06235e8bfe,2021-12-10T13:04:01.919Z
61b350413fe64d06235e8bfd,2021-12-10T13:04:01.804Z
61b350413fe64d06235e8bfc,2021-12-10T13:04:01.691Z
61b350413fe64d06235e8bfb,2021-12-10T13:04:01.579Z
61b350413fe64d06235e8bfa,2021-12-10T13:04:01.465Z
61b350413fe64d06235e8bf9,2021-12-10T13:04:01.355Z
61b350413fe64d06235e8bf8,2021-12-10T13:04:01.242Z
61b350413fe64d06235e8bf7,2021-12-10T13:04:01.129Z
61b350413fe64d06235e8bf6,2021-12-10T13:04:01.015Z
61b350403fe64d06235e8bf5,2021-12-10T13:04:00.903Z
61b350403fe64d06235e8bf4,2021-12-10T13:04:00.788Z
61b350403fe64d06235e8bf3,2021-12-10T13:04:00.570Z
61b350403fe64d06235e8bf2,2021-12-10T13:04:00.455Z
61b350403fe64d06235e8bf1,2021-12-10T13:04:00.342Z
61b350403fe64d06235e8bf0,2021-12-10T13:04:00.229Z
61b350403fe64d06235e8bef,2021-12-10T13:04:00.117Z
61b350403fe64d06235e8bee,2021-12-10T13:04:00.003Z
61b3503f3fe64d06235e8bed,2021-12-10T13:03:59.890Z
61b3503f3fe64d06235e8bec,2021-12-10T13:03:59.776Z
61b3503f3fe64d06235e8beb,2021-12-10T13:03:59.663Z
61b3503f3fe64d06235e8bea,2021-12-10T13:03:59.551Z
61b3503f3fe64d06235e8be9,2021-12-10T13:03:59.413Z
61b3503f3fe64d06235e8be8,2021-12-10T13:03:59.290Z
61b3503f3fe64d06235e8be7,2021-12-10T13:03:59.175Z
61b3503f3fe64d06235e8be6,2021-12-10T13:03:59.062Z
61b3503e3fe64d06235e8be5,2021-12-10T13:03:58.947Z
61b3503e3fe64d06235e8be4,2021-12-10T13:03:58.832Z
61b3503e3fe64d06235e8be3,2021-12-10T13:03:58.717Z
61b3503e3fe64d06235e8be2,2021-12-10T13:03:58.604Z
61b3503e3fe64d06235e8be1,2021-12-10T13:03:58.489Z
61b3503e3fe64d06235e8be0,2021-12-10T13:03:58.375Z
61b3503e3fe64d06235e8bdf,2021-12-10T13:03:58.261Z
61b3503e3fe64d06235e8bde,2021-12-10T13:03:58.144Z
61b3503e3fe64d06235e8bdd,2021-12-10T13:03:58.028Z
61b3503d3fe64d06235e8bdc,2021-12-10T13:03:57.913Z
61b3503d3fe64d06235e8bdb,2021-12-10T13:03:57.800Z
61b3503d3fe64d06235e8bda,2021-12-10T13:03:57.687Z
61b3503d3fe64d06235e8bd9,2021-12-10T13:03:57.572Z
61b3503d3fe64d06235e8bd8,2021-12-10T13:03:57.457Z
61b3503d3fe64d06235e8bd7,2021-12-10T13:03:57.342Z
61b3503d3fe64d06235e8bd6,2021-12-10T13:03:57.232Z
61b3503d3fe64d06235e8bd5,2021-12-10T13:03:57.121Z
61b3503d3fe64d06235e8bd4,2021-12-10T13:03:57.007Z
61b3503c3fe64d06235e8bd3,2021-12-10T13:03:56.900Z
61b3503c3fe64d06235e8bd2,2021-12-10T13:03:56.786Z
61b3503c3fe64d06235e8bd1,2021-12-10T13:03:56.673Z
61b3503c3fe64d06235e8bd0,2021-12-10T13:03:56.558Z
61b3503c3fe64d06235e8bcf,2021-12-10T13:03:56.443Z
61b3503c3fe64d06235e8bce,2021-12-10T13:03:56.328Z
61b3503c3fe64d06235e8bcd,2021-12-10T13:03:56.213Z
61b3503c3fe64d06235e8bcc,2021-12-10T13:03:56.099Z
61b3503b3fe64d06235e8bcb,2021-12-10T13:03:55.983Z
61b3503b3fe64d06235e8bca,2021-12-10T13:03:55.869Z
61b3503b3fe64d06235e8bc9,2021-12-10T13:03:55.759Z
61b3503b3fe64d06235e8bc8,2021-12-10T13:03:55.645Z
61b3503b3fe64d06235e8bc7,2021-12-10T13:03:55.530Z
61b3503b3fe64d06235e8bc6,2021-12-10T13:03:55.414Z
61b3503b3fe64d06235e8bc5,2021-12-10T13:03:55.299Z
61b3503b3fe64d06235e8bc4,2021-12-10T13:03:55.179Z
61b3503b3fe64d06235e8bc3,2021-12-10T13:03:55.065Z
61b3503a3fe64d06235e8bc2,2021-12-10T13:03:54.950Z
61b3503a3fe64d06235e8bc1,2021-12-10T13:03:54.747Z
61b3503a3fe64d06235e8bc0,2021-12-10T13:03:54.633Z
61b3503a3fe64d06235e8bbf,2021-12-10T13:03:54.518Z
61b3503a3fe64d06235e8bbe,2021-12-10T13:03:54.404Z
61b3503a3fe64d06235e8bbd,2021-12-10T13:03:54.287Z
61b3503a3fe64d06235e8bbc,2021-12-10T13:03:54.173Z
61b3503a3fe64d06235e8bbb,2021-12-10T13:03:54.042Z
61b350393fe64d06235e8bba,2021-12-10T13:03:53.928Z
61b350393fe64d06235e8bb9,2021-12-10T13:03:53.814Z
61b350393fe64d06235e8bb8,2021-12-10T13:03:53.700Z
61b350393fe64d06235e8bb7,2021-12-10T13:03:53.587Z
61b350393fe64d06235e8bb6,2021-12-10T13:03:53.470Z
61b350393fe64d06235e8bb5,2021-12-10T13:03:53.356Z
61b350393fe64d06235e8bb4,2021-12-10T13:03:53.241Z
61b350393fe64d06235e8bb3,2021-12-10T13:03:53.127Z
61b350393fe64d06235e8bb2,2021-12-10T13:03:53.013Z
61b350383fe64d06235e8bb1,2021-12-10T13:03:52.899Z
61b350383fe64d06235e8bb0,2021-12-10T13:03:52.784Z
61b350383fe64d06235e8baf,2021-12-10T13:03:52.671Z
61b350383fe64d06235e8bae,2021-12-10T13:03:52.557Z
61b350383fe64d06235e8bad,2021-12-10T13:03:52.444Z
61b350383fe64d06235e8bac,2021-12-10T13:03:52.330Z
61b350383fe64d06235e8bab,2021-12-10T13:03:52.217Z
61b350383fe64d06235e8baa,2021-12-10T13:03:52.100Z
61b350383fe64d06235e8ba9,2021-12-10T13:03:51.998Z
61b350373fe64d06235e8ba8,2021-12-10T13:03:51.883Z
61b350373fe64d06235e8ba7,2021-12-10T13:03:51.770Z
61b350373fe64d06235e8ba6,2021-12-10T13:03:51.657Z
61b350373fe64d06235e8ba5,2021-12-10T13:03:51.553Z
61b350373fe64d06235e8ba4,2021-12-10T13:03:51.427Z
61b350373fe64d06235e8ba3,2021-12-10T13:03:51.313Z
61b350373fe64d06235e8ba2,2021-12-10T13:03:51.199Z
61b350373fe64d06235e8ba1,2021-12-10T13:03:51.085Z
61b350363fe64d06235e8ba0,2021-12-10T13:03:50.978Z
61b350363fe64d06235e8b9f,2021-12-10T13:03:50.877Z
61b350363fe64d06235e8b9e,2021-12-10T13:03:50.763Z
61b350363fe64d06235e8b9d,2021-12-10T13:03:50.653Z
61b350363fe64d06235e8b9c,2021-12-10T13:03:50.554Z
61b350363fe64d06235e8b9b,2021-12-10T13:03:50.449Z
61b350363fe64d06235e8b9a,2021-12-10T13:03:50.345Z
61b350363fe64d06235e8b99,2021-12-10T13:03:50.234Z
61b350363fe64d06235e8b98,2021-12-10T13:03:50.119Z
61b350363fe64d06235e8b97,2021-12-10T13:03:50.002Z
61b350353fe64d06235e8b96,2021-12-10T13:03:49.888Z
61b350353fe64d06235e8b95,2021-12-10T13:03:49.755Z
61b350353fe64d06235e8b94,2021-12-10T13:03:49.642Z
61b350353fe64d06235e8b93,2021-12-10T13:03:49.529Z
61b350353fe64d06235e8b92,2021-12-10T13:03:49.415Z
61b350353fe64d06235e8b91,2021-12-10T13:03:49.300Z
61b350353fe64d06235e8b90,2021-12-10T13:03:49.181Z
61b350343fe64d06235e8b8f,2021-12-10T13:03:48.985Z
61b350343fe64d06235e8b8e,2021-12-10T13:03:48.872Z
61b350343fe64d06235e8b8d,2021-12-10T13:03:48.758Z
61b350343fe64d06235e8b8c,2021-12-10T13:03:48.645Z
61b350343fe64d06235e8b8b,2021-12-10T13:03:48.532Z
61b350343fe64d06235e8b8a,2021-12-10T13:03:48.419Z
61b350343fe64d06235e8b89,2021-12-10T13:03:48.316Z
61b350343fe64d06235e8b88,2021-12-10T13:03:48.208Z
61b350343fe64d06235e8b87,2021-12-10T13:03:48.091Z
61b350333fe64d06235e8b86,2021-12-10T13:03:47.976Z
61b350333fe64d06235e8b85,2021-12-10T13:03:47.863Z
61b350333fe64d06235e8b84,2021-12-10T13:03:47.750Z
61b350333fe64d06235e8b83,2021-12-10T13:03:47.644Z
61b350333fe64d06235e8b82,2021-12-10T13:03:47.532Z
61b350333fe64d06235e8b81,2021-12-10T13:03:47.425Z
61b350333fe64d06235e8b80,2021-12-10T13:03:47.314Z
61b350333fe64d06235e8b7f,2021-12-10T13:03:47.199Z
61b350333fe64d06235e8b7e,2021-12-10T13:03:47.094Z
61b350323fe64d06235e8b7d,2021-12-10T13:03:46.980Z
61b350323fe64d06235e8b7c,2021-12-10T13:03:46.872Z
61b350323fe64d06235e8b7b,2021-12-10T13:03:46.766Z
61b350323fe64d06235e8b7a,2021-12-10T13:03:46.662Z
61b350323fe64d06235e8b79,2021-12-10T13:03:46.557Z
61b350323fe64d06235e8b78,2021-12-10T13:03:46.443Z
61b350323fe64d06235e8b77,2021-12-10T13:03:46.340Z
61b350323fe64d06235e8b76,2021-12-10T13:03:46.227Z
61b350323fe64d06235e8b75,2021-12-10T13:03:46.113Z
61b350323fe64d06235e8b74,2021-12-10T13:03:46.000Z
61b350313fe64d06235e8b73,2021-12-10T13:03:45.888Z
61b350313fe64d06235e8b72,2021-12-10T13:03:45.774Z
61b350313fe64d06235e8b71,2021-12-10T13:03:45.661Z
61b350313fe64d06235e8b70,2021-12-10T13:03:45.548Z
61b350313fe64d06235e8b6f,2021-12-10T13:03:45.431Z
61b350313fe64d06235e8b6e,2021-12-10T13:03:45.298Z
61b350313fe64d06235e8b6d,2021-12-10T13:03:45.186Z
61b350313fe64d06235e8b6c,2021-12-10T13:03:45.070Z
61b350303fe64d06235e8b6b,2021-12-10T13:03:44.954Z
61b350303fe64d06235e8b6a,2021-12-10T13:03:44.837Z
61b350303fe64d06235e8b69,2021-12-10T13:03:44.722Z
61b350303fe64d06235e8b68,2021-12-10T13:03:44.607Z
61b350303fe64d06235e8b67,2021-12-10T13:03:44.491Z
61b350303fe64d06235e8b66,2021-12-10T13:03:44.379Z
61b350303fe64d06235e8b65,2021-12-10T13:03:44.267Z
61b350303fe64d06235e8b64,2021-12-10T13:03:44.154Z
61b350303fe64d06235e8b63,2021-12-10T13:03:44.042Z
61b3502f3fe64d06235e8b62,2021-12-10T13:03:43.922Z
61b3502f3fe64d06235e8b61,2021-12-10T13:03:43.803Z
61b3502f3fe64d06235e8b60,2021-12-10T13:03:43.690Z
61b3502f3fe64d06235e8b5f,2021-12-10T13:03:43.575Z
61b3502f3fe64d06235e8b5e,2021-12-10T13:03:43.461Z